ISO-10303-21;
HEADER;
FILE_DESCRIPTION(('FreeCAD Model'),'2;1');
FILE_NAME('Open CASCADE Shape Model','2023-09-06T12:17:21',(''),(''),
  'Open CASCADE STEP processor 7.6','FreeCAD','Unknown');
FILE_SCHEMA(('AUTOMOTIVE_DESIGN { 1 0 10303 214 1 1 1 1 }'));
ENDSEC;
DATA;
#1 = APPLICATION_PROTOCOL_DEFINITION('international standard',
  'automotive_design',2000,#2);
#2 = APPLICATION_CONTEXT(
  'core data for automotive mechanical design processes');
#3 = SHAPE_DEFINITION_REPRESENTATION(#4,#10);
#4 = PRODUCT_DEFINITION_SHAPE('','',#5);
#5 = PRODUCT_DEFINITION('design','',#6,#9);
#6 = PRODUCT_DEFINITION_FORMATION('','',#7);
#7 = PRODUCT('Body','Body','',(#8));
#8 = PRODUCT_CONTEXT('',#2,'mechanical');
#9 = PRODUCT_DEFINITION_CONTEXT('part definition',#2,'design');
#10 = ADVANCED_BREP_SHAPE_REPRESENTATION('',(#11,#15),#2313);
#11 = AXIS2_PLACEMENT_3D('',#12,#13,#14);
#12 = CARTESIAN_POINT('',(0.,0.,0.));
#13 = DIRECTION('',(0.,0.,1.));
#14 = DIRECTION('',(1.,0.,-0.));
#15 = MANIFOLD_SOLID_BREP('',#16);
#16 = CLOSED_SHELL('',(#17,#193,#858,#908,#962,#1401,#1558,#1634,#1661,
    #1688,#1715,#1742,#1776,#1803,#1830,#1857,#1884,#1911,#1938,#1965,
    #1992,#2019,#2046,#2073,#2100,#2127,#2154,#2181,#2230,#2279,#2306));
#17 = ADVANCED_FACE('',(#18),#32,.T.);
#18 = FACE_BOUND('',#19,.T.);
#19 = EDGE_LOOP('',(#20,#55,#83,#111,#139,#167));
#20 = ORIENTED_EDGE('',*,*,#21,.F.);
#21 = EDGE_CURVE('',#22,#24,#26,.T.);
#22 = VERTEX_POINT('',#23);
#23 = CARTESIAN_POINT('',(-45.,27.5,0.));
#24 = VERTEX_POINT('',#25);
#25 = CARTESIAN_POINT('',(45.,27.5,0.));
#26 = SURFACE_CURVE('',#27,(#31,#43),.PCURVE_S1.);
#27 = LINE('',#28,#29);
#28 = CARTESIAN_POINT('',(-47.5,27.5,0.));
#29 = VECTOR('',#30,1.);
#30 = DIRECTION('',(1.,0.,0.));
#31 = PCURVE('',#32,#37);
#32 = PLANE('',#33);
#33 = AXIS2_PLACEMENT_3D('',#34,#35,#36);
#34 = CARTESIAN_POINT('',(-47.5,27.5,0.));
#35 = DIRECTION('',(0.,1.,0.));
#36 = DIRECTION('',(1.,0.,0.));
#37 = DEFINITIONAL_REPRESENTATION('',(#38),#42);
#38 = LINE('',#39,#40);
#39 = CARTESIAN_POINT('',(0.,0.));
#40 = VECTOR('',#41,1.);
#41 = DIRECTION('',(1.,0.));
#42 = ( GEOMETRIC_REPRESENTATION_CONTEXT(2) 
PARAMETRIC_REPRESENTATION_CONTEXT() REPRESENTATION_CONTEXT('2D SPACE',''
  ) );
#43 = PCURVE('',#44,#49);
#44 = PLANE('',#45);
#45 = AXIS2_PLACEMENT_3D('',#46,#47,#48);
#46 = CARTESIAN_POINT('',(0.,0.,0.));
#47 = DIRECTION('',(0.,0.,1.));
#48 = DIRECTION('',(1.,0.,0.));
#49 = DEFINITIONAL_REPRESENTATION('',(#50),#54);
#50 = LINE('',#51,#52);
#51 = CARTESIAN_POINT('',(-47.5,27.5));
#52 = VECTOR('',#53,1.);
#53 = DIRECTION('',(1.,0.));
#54 = ( GEOMETRIC_REPRESENTATION_CONTEXT(2) 
PARAMETRIC_REPRESENTATION_CONTEXT() REPRESENTATION_CONTEXT('2D SPACE',''
  ) );
#55 = ORIENTED_EDGE('',*,*,#56,.T.);
#56 = EDGE_CURVE('',#22,#57,#59,.T.);
#57 = VERTEX_POINT('',#58);
#58 = CARTESIAN_POINT('',(-45.,27.5,1.2));
#59 = SURFACE_CURVE('',#60,(#64,#71),.PCURVE_S1.);
#60 = LINE('',#61,#62);
#61 = CARTESIAN_POINT('',(-45.,27.5,0.));
#62 = VECTOR('',#63,1.);
#63 = DIRECTION('',(0.,0.,1.));
#64 = PCURVE('',#32,#65);
#65 = DEFINITIONAL_REPRESENTATION('',(#66),#70);
#66 = LINE('',#67,#68);
#67 = CARTESIAN_POINT('',(2.5,0.));
#68 = VECTOR('',#69,1.);
#69 = DIRECTION('',(0.,-1.));
#70 = ( GEOMETRIC_REPRESENTATION_CONTEXT(2) 
PARAMETRIC_REPRESENTATION_CONTEXT() REPRESENTATION_CONTEXT('2D SPACE',''
  ) );
#71 = PCURVE('',#72,#77);
#72 = CYLINDRICAL_SURFACE('',#73,2.5);
#73 = AXIS2_PLACEMENT_3D('',#74,#75,#76);
#74 = CARTESIAN_POINT('',(-45.,25.,0.));
#75 = DIRECTION('',(0.,0.,1.));
#76 = DIRECTION('',(0.,1.,0.));
#77 = DEFINITIONAL_REPRESENTATION('',(#78),#82);
#78 = LINE('',#79,#80);
#79 = CARTESIAN_POINT('',(0.,0.));
#80 = VECTOR('',#81,1.);
#81 = DIRECTION('',(0.,1.));
#82 = ( GEOMETRIC_REPRESENTATION_CONTEXT(2) 
PARAMETRIC_REPRESENTATION_CONTEXT() REPRESENTATION_CONTEXT('2D SPACE',''
  ) );
#83 = ORIENTED_EDGE('',*,*,#84,.T.);
#84 = EDGE_CURVE('',#57,#85,#87,.T.);
#85 = VERTEX_POINT('',#86);
#86 = CARTESIAN_POINT('',(-42.5,27.5,1.2));
#87 = SURFACE_CURVE('',#88,(#92,#99),.PCURVE_S1.);
#88 = LINE('',#89,#90);
#89 = CARTESIAN_POINT('',(-47.5,27.5,1.2));
#90 = VECTOR('',#91,1.);
#91 = DIRECTION('',(1.,0.,0.));
#92 = PCURVE('',#32,#93);
#93 = DEFINITIONAL_REPRESENTATION('',(#94),#98);
#94 = LINE('',#95,#96);
#95 = CARTESIAN_POINT('',(0.,-1.2));
#96 = VECTOR('',#97,1.);
#97 = DIRECTION('',(1.,0.));
#98 = ( GEOMETRIC_REPRESENTATION_CONTEXT(2) 
PARAMETRIC_REPRESENTATION_CONTEXT() REPRESENTATION_CONTEXT('2D SPACE',''
  ) );
#99 = PCURVE('',#100,#105);
#100 = PLANE('',#101);
#101 = AXIS2_PLACEMENT_3D('',#102,#103,#104);
#102 = CARTESIAN_POINT('',(0.,0.,1.2));
#103 = DIRECTION('',(0.,0.,1.));
#104 = DIRECTION('',(1.,0.,0.));
#105 = DEFINITIONAL_REPRESENTATION('',(#106),#110);
#106 = LINE('',#107,#108);
#107 = CARTESIAN_POINT('',(-47.5,27.5));
#108 = VECTOR('',#109,1.);
#109 = DIRECTION('',(1.,0.));
#110 = ( GEOMETRIC_REPRESENTATION_CONTEXT(2) 
PARAMETRIC_REPRESENTATION_CONTEXT() REPRESENTATION_CONTEXT('2D SPACE',''
  ) );
#111 = ORIENTED_EDGE('',*,*,#112,.T.);
#112 = EDGE_CURVE('',#85,#113,#115,.T.);
#113 = VERTEX_POINT('',#114);
#114 = CARTESIAN_POINT('',(42.5,27.5,1.2));
#115 = SURFACE_CURVE('',#116,(#120,#127),.PCURVE_S1.);
#116 = LINE('',#117,#118);
#117 = CARTESIAN_POINT('',(-42.5,27.5,1.2));
#118 = VECTOR('',#119,1.);
#119 = DIRECTION('',(1.,0.,0.));
#120 = PCURVE('',#32,#121);
#121 = DEFINITIONAL_REPRESENTATION('',(#122),#126);
#122 = LINE('',#123,#124);
#123 = CARTESIAN_POINT('',(5.,-1.2));
#124 = VECTOR('',#125,1.);
#125 = DIRECTION('',(1.,0.));
#126 = ( GEOMETRIC_REPRESENTATION_CONTEXT(2) 
PARAMETRIC_REPRESENTATION_CONTEXT() REPRESENTATION_CONTEXT('2D SPACE',''
  ) );
#127 = PCURVE('',#128,#133);
#128 = PLANE('',#129);
#129 = AXIS2_PLACEMENT_3D('',#130,#131,#132);
#130 = CARTESIAN_POINT('',(-42.5,27.5,1.2));
#131 = DIRECTION('',(0.,1.,0.));
#132 = DIRECTION('',(1.,0.,0.));
#133 = DEFINITIONAL_REPRESENTATION('',(#134),#138);
#134 = LINE('',#135,#136);
#135 = CARTESIAN_POINT('',(0.,0.));
#136 = VECTOR('',#137,1.);
#137 = DIRECTION('',(1.,0.));
#138 = ( GEOMETRIC_REPRESENTATION_CONTEXT(2) 
PARAMETRIC_REPRESENTATION_CONTEXT() REPRESENTATION_CONTEXT('2D SPACE',''
  ) );
#139 = ORIENTED_EDGE('',*,*,#140,.T.);
#140 = EDGE_CURVE('',#113,#141,#143,.T.);
#141 = VERTEX_POINT('',#142);
#142 = CARTESIAN_POINT('',(45.,27.5,1.2));
#143 = SURFACE_CURVE('',#144,(#148,#155),.PCURVE_S1.);
#144 = LINE('',#145,#146);
#145 = CARTESIAN_POINT('',(-47.5,27.5,1.2));
#146 = VECTOR('',#147,1.);
#147 = DIRECTION('',(1.,0.,0.));
#148 = PCURVE('',#32,#149);
#149 = DEFINITIONAL_REPRESENTATION('',(#150),#154);
#150 = LINE('',#151,#152);
#151 = CARTESIAN_POINT('',(0.,-1.2));
#152 = VECTOR('',#153,1.);
#153 = DIRECTION('',(1.,0.));
#154 = ( GEOMETRIC_REPRESENTATION_CONTEXT(2) 
PARAMETRIC_REPRESENTATION_CONTEXT() REPRESENTATION_CONTEXT('2D SPACE',''
  ) );
#155 = PCURVE('',#156,#161);
#156 = PLANE('',#157);
#157 = AXIS2_PLACEMENT_3D('',#158,#159,#160);
#158 = CARTESIAN_POINT('',(0.,0.,1.2));
#159 = DIRECTION('',(0.,0.,1.));
#160 = DIRECTION('',(1.,0.,0.));
#161 = DEFINITIONAL_REPRESENTATION('',(#162),#166);
#162 = LINE('',#163,#164);
#163 = CARTESIAN_POINT('',(-47.5,27.5));
#164 = VECTOR('',#165,1.);
#165 = DIRECTION('',(1.,0.));
#166 = ( GEOMETRIC_REPRESENTATION_CONTEXT(2) 
PARAMETRIC_REPRESENTATION_CONTEXT() REPRESENTATION_CONTEXT('2D SPACE',''
  ) );
#167 = ORIENTED_EDGE('',*,*,#168,.F.);
#168 = EDGE_CURVE('',#24,#141,#169,.T.);
#169 = SURFACE_CURVE('',#170,(#174,#181),.PCURVE_S1.);
#170 = LINE('',#171,#172);
#171 = CARTESIAN_POINT('',(45.,27.5,0.));
#172 = VECTOR('',#173,1.);
#173 = DIRECTION('',(0.,0.,1.));
#174 = PCURVE('',#32,#175);
#175 = DEFINITIONAL_REPRESENTATION('',(#176),#180);
#176 = LINE('',#177,#178);
#177 = CARTESIAN_POINT('',(92.5,0.));
#178 = VECTOR('',#179,1.);
#179 = DIRECTION('',(0.,-1.));
#180 = ( GEOMETRIC_REPRESENTATION_CONTEXT(2) 
PARAMETRIC_REPRESENTATION_CONTEXT() REPRESENTATION_CONTEXT('2D SPACE',''
  ) );
#181 = PCURVE('',#182,#187);
#182 = CYLINDRICAL_SURFACE('',#183,2.5);
#183 = AXIS2_PLACEMENT_3D('',#184,#185,#186);
#184 = CARTESIAN_POINT('',(45.,25.,0.));
#185 = DIRECTION('',(0.,0.,1.));
#186 = DIRECTION('',(0.,1.,0.));
#187 = DEFINITIONAL_REPRESENTATION('',(#188),#192);
#188 = LINE('',#189,#190);
#189 = CARTESIAN_POINT('',(-0.,0.));
#190 = VECTOR('',#191,1.);
#191 = DIRECTION('',(-0.,1.));
#192 = ( GEOMETRIC_REPRESENTATION_CONTEXT(2) 
PARAMETRIC_REPRESENTATION_CONTEXT() REPRESENTATION_CONTEXT('2D SPACE',''
  ) );
#193 = ADVANCED_FACE('',(#194,#393,#424,#455,#486,#517,#548,#579,#610,
    #641,#672,#703,#734,#765,#796,#827),#44,.F.);
#194 = FACE_BOUND('',#195,.F.);
#195 = EDGE_LOOP('',(#196,#197,#221,#249,#278,#306,#339,#367));
#196 = ORIENTED_EDGE('',*,*,#21,.F.);
#197 = ORIENTED_EDGE('',*,*,#198,.T.);
#198 = EDGE_CURVE('',#22,#199,#201,.T.);
#199 = VERTEX_POINT('',#200);
#200 = CARTESIAN_POINT('',(-47.5,25.,0.));
#201 = SURFACE_CURVE('',#202,(#207,#214),.PCURVE_S1.);
#202 = CIRCLE('',#203,2.5);
#203 = AXIS2_PLACEMENT_3D('',#204,#205,#206);
#204 = CARTESIAN_POINT('',(-45.,25.,0.));
#205 = DIRECTION('',(-0.,0.,1.));
#206 = DIRECTION('',(0.,-1.,0.));
#207 = PCURVE('',#44,#208);
#208 = DEFINITIONAL_REPRESENTATION('',(#209),#213);
#209 = CIRCLE('',#210,2.5);
#210 = AXIS2_PLACEMENT_2D('',#211,#212);
#211 = CARTESIAN_POINT('',(-45.,25.));
#212 = DIRECTION('',(0.,-1.));
#213 = ( GEOMETRIC_REPRESENTATION_CONTEXT(2) 
PARAMETRIC_REPRESENTATION_CONTEXT() REPRESENTATION_CONTEXT('2D SPACE',''
  ) );
#214 = PCURVE('',#72,#215);
#215 = DEFINITIONAL_REPRESENTATION('',(#216),#220);
#216 = LINE('',#217,#218);
#217 = CARTESIAN_POINT('',(-3.14159265359,0.));
#218 = VECTOR('',#219,1.);
#219 = DIRECTION('',(1.,0.));
#220 = ( GEOMETRIC_REPRESENTATION_CONTEXT(2) 
PARAMETRIC_REPRESENTATION_CONTEXT() REPRESENTATION_CONTEXT('2D SPACE',''
  ) );
#221 = ORIENTED_EDGE('',*,*,#222,.F.);
#222 = EDGE_CURVE('',#223,#199,#225,.T.);
#223 = VERTEX_POINT('',#224);
#224 = CARTESIAN_POINT('',(-47.5,-25.,0.));
#225 = SURFACE_CURVE('',#226,(#230,#237),.PCURVE_S1.);
#226 = LINE('',#227,#228);
#227 = CARTESIAN_POINT('',(-47.5,-27.5,0.));
#228 = VECTOR('',#229,1.);
#229 = DIRECTION('',(0.,1.,0.));
#230 = PCURVE('',#44,#231);
#231 = DEFINITIONAL_REPRESENTATION('',(#232),#236);
#232 = LINE('',#233,#234);
#233 = CARTESIAN_POINT('',(-47.5,-27.5));
#234 = VECTOR('',#235,1.);
#235 = DIRECTION('',(0.,1.));
#236 = ( GEOMETRIC_REPRESENTATION_CONTEXT(2) 
PARAMETRIC_REPRESENTATION_CONTEXT() REPRESENTATION_CONTEXT('2D SPACE',''
  ) );
#237 = PCURVE('',#238,#243);
#238 = PLANE('',#239);
#239 = AXIS2_PLACEMENT_3D('',#240,#241,#242);
#240 = CARTESIAN_POINT('',(-47.5,-27.5,0.));
#241 = DIRECTION('',(-1.,0.,0.));
#242 = DIRECTION('',(0.,1.,0.));
#243 = DEFINITIONAL_REPRESENTATION('',(#244),#248);
#244 = LINE('',#245,#246);
#245 = CARTESIAN_POINT('',(0.,0.));
#246 = VECTOR('',#247,1.);
#247 = DIRECTION('',(1.,0.));
#248 = ( GEOMETRIC_REPRESENTATION_CONTEXT(2) 
PARAMETRIC_REPRESENTATION_CONTEXT() REPRESENTATION_CONTEXT('2D SPACE',''
  ) );
#249 = ORIENTED_EDGE('',*,*,#250,.T.);
#250 = EDGE_CURVE('',#223,#251,#253,.T.);
#251 = VERTEX_POINT('',#252);
#252 = CARTESIAN_POINT('',(-45.,-27.5,0.));
#253 = SURFACE_CURVE('',#254,(#259,#266),.PCURVE_S1.);
#254 = CIRCLE('',#255,2.5);
#255 = AXIS2_PLACEMENT_3D('',#256,#257,#258);
#256 = CARTESIAN_POINT('',(-45.,-25.,0.));
#257 = DIRECTION('',(-0.,0.,1.));
#258 = DIRECTION('',(0.,-1.,0.));
#259 = PCURVE('',#44,#260);
#260 = DEFINITIONAL_REPRESENTATION('',(#261),#265);
#261 = CIRCLE('',#262,2.5);
#262 = AXIS2_PLACEMENT_2D('',#263,#264);
#263 = CARTESIAN_POINT('',(-45.,-25.));
#264 = DIRECTION('',(0.,-1.));
#265 = ( GEOMETRIC_REPRESENTATION_CONTEXT(2) 
PARAMETRIC_REPRESENTATION_CONTEXT() REPRESENTATION_CONTEXT('2D SPACE',''
  ) );
#266 = PCURVE('',#267,#272);
#267 = CYLINDRICAL_SURFACE('',#268,2.5);
#268 = AXIS2_PLACEMENT_3D('',#269,#270,#271);
#269 = CARTESIAN_POINT('',(-45.,-25.,0.));
#270 = DIRECTION('',(0.,0.,1.));
#271 = DIRECTION('',(-1.,0.,0.));
#272 = DEFINITIONAL_REPRESENTATION('',(#273),#277);
#273 = LINE('',#274,#275);
#274 = CARTESIAN_POINT('',(-4.712388980385,0.));
#275 = VECTOR('',#276,1.);
#276 = DIRECTION('',(1.,0.));
#277 = ( GEOMETRIC_REPRESENTATION_CONTEXT(2) 
PARAMETRIC_REPRESENTATION_CONTEXT() REPRESENTATION_CONTEXT('2D SPACE',''
  ) );
#278 = ORIENTED_EDGE('',*,*,#279,.F.);
#279 = EDGE_CURVE('',#280,#251,#282,.T.);
#280 = VERTEX_POINT('',#281);
#281 = CARTESIAN_POINT('',(45.,-27.5,0.));
#282 = SURFACE_CURVE('',#283,(#287,#294),.PCURVE_S1.);
#283 = LINE('',#284,#285);
#284 = CARTESIAN_POINT('',(47.5,-27.5,0.));
#285 = VECTOR('',#286,1.);
#286 = DIRECTION('',(-1.,0.,0.));
#287 = PCURVE('',#44,#288);
#288 = DEFINITIONAL_REPRESENTATION('',(#289),#293);
#289 = LINE('',#290,#291);
#290 = CARTESIAN_POINT('',(47.5,-27.5));
#291 = VECTOR('',#292,1.);
#292 = DIRECTION('',(-1.,0.));
#293 = ( GEOMETRIC_REPRESENTATION_CONTEXT(2) 
PARAMETRIC_REPRESENTATION_CONTEXT() REPRESENTATION_CONTEXT('2D SPACE',''
  ) );
#294 = PCURVE('',#295,#300);
#295 = PLANE('',#296);
#296 = AXIS2_PLACEMENT_3D('',#297,#298,#299);
#297 = CARTESIAN_POINT('',(47.5,-27.5,0.));
#298 = DIRECTION('',(0.,-1.,0.));
#299 = DIRECTION('',(-1.,0.,0.));
#300 = DEFINITIONAL_REPRESENTATION('',(#301),#305);
#301 = LINE('',#302,#303);
#302 = CARTESIAN_POINT('',(0.,-0.));
#303 = VECTOR('',#304,1.);
#304 = DIRECTION('',(1.,0.));
#305 = ( GEOMETRIC_REPRESENTATION_CONTEXT(2) 
PARAMETRIC_REPRESENTATION_CONTEXT() REPRESENTATION_CONTEXT('2D SPACE',''
  ) );
#306 = ORIENTED_EDGE('',*,*,#307,.F.);
#307 = EDGE_CURVE('',#308,#280,#310,.T.);
#308 = VERTEX_POINT('',#309);
#309 = CARTESIAN_POINT('',(47.5,-25.,0.));
#310 = SURFACE_CURVE('',#311,(#316,#327),.PCURVE_S1.);
#311 = CIRCLE('',#312,2.5);
#312 = AXIS2_PLACEMENT_3D('',#313,#314,#315);
#313 = CARTESIAN_POINT('',(45.,-25.,0.));
#314 = DIRECTION('',(-0.,-0.,-1.));
#315 = DIRECTION('',(0.,-1.,0.));
#316 = PCURVE('',#44,#317);
#317 = DEFINITIONAL_REPRESENTATION('',(#318),#326);
#318 = ( BOUNDED_CURVE() B_SPLINE_CURVE(2,(#319,#320,#321,#322,#323,#324
,#325),.UNSPECIFIED.,.T.,.F.) B_SPLINE_CURVE_WITH_KNOTS((1,2,2,2,2,1),(
    -2.094395102393,0.,2.094395102393,4.188790204786,6.28318530718,
8.377580409573),.UNSPECIFIED.) CURVE() GEOMETRIC_REPRESENTATION_ITEM() 
RATIONAL_B_SPLINE_CURVE((1.,0.5,1.,0.5,1.,0.5,1.)) REPRESENTATION_ITEM(
  '') );
#319 = CARTESIAN_POINT('',(45.,-27.5));
#320 = CARTESIAN_POINT('',(40.669872981078,-27.5));
#321 = CARTESIAN_POINT('',(42.834936490539,-23.75));
#322 = CARTESIAN_POINT('',(45.,-20.));
#323 = CARTESIAN_POINT('',(47.165063509461,-23.75));
#324 = CARTESIAN_POINT('',(49.330127018922,-27.5));
#325 = CARTESIAN_POINT('',(45.,-27.5));
#326 = ( GEOMETRIC_REPRESENTATION_CONTEXT(2) 
PARAMETRIC_REPRESENTATION_CONTEXT() REPRESENTATION_CONTEXT('2D SPACE',''
  ) );
#327 = PCURVE('',#328,#333);
#328 = CYLINDRICAL_SURFACE('',#329,2.5);
#329 = AXIS2_PLACEMENT_3D('',#330,#331,#332);
#330 = CARTESIAN_POINT('',(45.,-25.,0.));
#331 = DIRECTION('',(0.,0.,1.));
#332 = DIRECTION('',(1.,0.,-0.));
#333 = DEFINITIONAL_REPRESENTATION('',(#334),#338);
#334 = LINE('',#335,#336);
#335 = CARTESIAN_POINT('',(4.712388980385,-0.));
#336 = VECTOR('',#337,1.);
#337 = DIRECTION('',(-1.,0.));
#338 = ( GEOMETRIC_REPRESENTATION_CONTEXT(2) 
PARAMETRIC_REPRESENTATION_CONTEXT() REPRESENTATION_CONTEXT('2D SPACE',''
  ) );
#339 = ORIENTED_EDGE('',*,*,#340,.F.);
#340 = EDGE_CURVE('',#341,#308,#343,.T.);
#341 = VERTEX_POINT('',#342);
#342 = CARTESIAN_POINT('',(47.5,25.,0.));
#343 = SURFACE_CURVE('',#344,(#348,#355),.PCURVE_S1.);
#344 = LINE('',#345,#346);
#345 = CARTESIAN_POINT('',(47.5,27.5,0.));
#346 = VECTOR('',#347,1.);
#347 = DIRECTION('',(0.,-1.,0.));
#348 = PCURVE('',#44,#349);
#349 = DEFINITIONAL_REPRESENTATION('',(#350),#354);
#350 = LINE('',#351,#352);
#351 = CARTESIAN_POINT('',(47.5,27.5));
#352 = VECTOR('',#353,1.);
#353 = DIRECTION('',(0.,-1.));
#354 = ( GEOMETRIC_REPRESENTATION_CONTEXT(2) 
PARAMETRIC_REPRESENTATION_CONTEXT() REPRESENTATION_CONTEXT('2D SPACE',''
  ) );
#355 = PCURVE('',#356,#361);
#356 = PLANE('',#357);
#357 = AXIS2_PLACEMENT_3D('',#358,#359,#360);
#358 = CARTESIAN_POINT('',(47.5,27.5,0.));
#359 = DIRECTION('',(1.,0.,0.));
#360 = DIRECTION('',(0.,-1.,0.));
#361 = DEFINITIONAL_REPRESENTATION('',(#362),#366);
#362 = LINE('',#363,#364);
#363 = CARTESIAN_POINT('',(0.,0.));
#364 = VECTOR('',#365,1.);
#365 = DIRECTION('',(1.,0.));
#366 = ( GEOMETRIC_REPRESENTATION_CONTEXT(2) 
PARAMETRIC_REPRESENTATION_CONTEXT() REPRESENTATION_CONTEXT('2D SPACE',''
  ) );
#367 = ORIENTED_EDGE('',*,*,#368,.F.);
#368 = EDGE_CURVE('',#24,#341,#369,.T.);
#369 = SURFACE_CURVE('',#370,(#375,#386),.PCURVE_S1.);
#370 = CIRCLE('',#371,2.5);
#371 = AXIS2_PLACEMENT_3D('',#372,#373,#374);
#372 = CARTESIAN_POINT('',(45.,25.,0.));
#373 = DIRECTION('',(-0.,-0.,-1.));
#374 = DIRECTION('',(0.,-1.,0.));
#375 = PCURVE('',#44,#376);
#376 = DEFINITIONAL_REPRESENTATION('',(#377),#385);
#377 = ( BOUNDED_CURVE() B_SPLINE_CURVE(2,(#378,#379,#380,#381,#382,#383
,#384),.UNSPECIFIED.,.T.,.F.) B_SPLINE_CURVE_WITH_KNOTS((1,2,2,2,2,1),(
    -2.094395102393,0.,2.094395102393,4.188790204786,6.28318530718,
8.377580409573),.UNSPECIFIED.) CURVE() GEOMETRIC_REPRESENTATION_ITEM() 
RATIONAL_B_SPLINE_CURVE((1.,0.5,1.,0.5,1.,0.5,1.)) REPRESENTATION_ITEM(
  '') );
#378 = CARTESIAN_POINT('',(45.,22.5));
#379 = CARTESIAN_POINT('',(40.669872981078,22.5));
#380 = CARTESIAN_POINT('',(42.834936490539,26.25));
#381 = CARTESIAN_POINT('',(45.,30.));
#382 = CARTESIAN_POINT('',(47.165063509461,26.25));
#383 = CARTESIAN_POINT('',(49.330127018922,22.5));
#384 = CARTESIAN_POINT('',(45.,22.5));
#385 = ( GEOMETRIC_REPRESENTATION_CONTEXT(2) 
PARAMETRIC_REPRESENTATION_CONTEXT() REPRESENTATION_CONTEXT('2D SPACE',''
  ) );
#386 = PCURVE('',#182,#387);
#387 = DEFINITIONAL_REPRESENTATION('',(#388),#392);
#388 = LINE('',#389,#390);
#389 = CARTESIAN_POINT('',(3.14159265359,-0.));
#390 = VECTOR('',#391,1.);
#391 = DIRECTION('',(-1.,0.));
#392 = ( GEOMETRIC_REPRESENTATION_CONTEXT(2) 
PARAMETRIC_REPRESENTATION_CONTEXT() REPRESENTATION_CONTEXT('2D SPACE',''
  ) );
#393 = FACE_BOUND('',#394,.F.);
#394 = EDGE_LOOP('',(#395));
#395 = ORIENTED_EDGE('',*,*,#396,.F.);
#396 = EDGE_CURVE('',#397,#397,#399,.T.);
#397 = VERTEX_POINT('',#398);
#398 = CARTESIAN_POINT('',(-44.,-25.,0.));
#399 = SURFACE_CURVE('',#400,(#405,#412),.PCURVE_S1.);
#400 = CIRCLE('',#401,1.);
#401 = AXIS2_PLACEMENT_3D('',#402,#403,#404);
#402 = CARTESIAN_POINT('',(-45.,-25.,0.));
#403 = DIRECTION('',(0.,0.,1.));
#404 = DIRECTION('',(1.,0.,0.));
#405 = PCURVE('',#44,#406);
#406 = DEFINITIONAL_REPRESENTATION('',(#407),#411);
#407 = CIRCLE('',#408,1.);
#408 = AXIS2_PLACEMENT_2D('',#409,#410);
#409 = CARTESIAN_POINT('',(-45.,-25.));
#410 = DIRECTION('',(1.,0.));
#411 = ( GEOMETRIC_REPRESENTATION_CONTEXT(2) 
PARAMETRIC_REPRESENTATION_CONTEXT() REPRESENTATION_CONTEXT('2D SPACE',''
  ) );
#412 = PCURVE('',#413,#418);
#413 = CYLINDRICAL_SURFACE('',#414,1.);
#414 = AXIS2_PLACEMENT_3D('',#415,#416,#417);
#415 = CARTESIAN_POINT('',(-45.,-25.,1.2));
#416 = DIRECTION('',(0.,0.,1.));
#417 = DIRECTION('',(1.,0.,0.));
#418 = DEFINITIONAL_REPRESENTATION('',(#419),#423);
#419 = LINE('',#420,#421);
#420 = CARTESIAN_POINT('',(0.,-1.2));
#421 = VECTOR('',#422,1.);
#422 = DIRECTION('',(1.,0.));
#423 = ( GEOMETRIC_REPRESENTATION_CONTEXT(2) 
PARAMETRIC_REPRESENTATION_CONTEXT() REPRESENTATION_CONTEXT('2D SPACE',''
  ) );
#424 = FACE_BOUND('',#425,.F.);
#425 = EDGE_LOOP('',(#426));
#426 = ORIENTED_EDGE('',*,*,#427,.F.);
#427 = EDGE_CURVE('',#428,#428,#430,.T.);
#428 = VERTEX_POINT('',#429);
#429 = CARTESIAN_POINT('',(-45.5,-15.24,0.));
#430 = SURFACE_CURVE('',#431,(#436,#443),.PCURVE_S1.);
#431 = CIRCLE('',#432,0.5);
#432 = AXIS2_PLACEMENT_3D('',#433,#434,#435);
#433 = CARTESIAN_POINT('',(-46.,-15.24,0.));
#434 = DIRECTION('',(0.,0.,1.));
#435 = DIRECTION('',(1.,0.,0.));
#436 = PCURVE('',#44,#437);
#437 = DEFINITIONAL_REPRESENTATION('',(#438),#442);
#438 = CIRCLE('',#439,0.5);
#439 = AXIS2_PLACEMENT_2D('',#440,#441);
#440 = CARTESIAN_POINT('',(-46.,-15.24));
#441 = DIRECTION('',(1.,0.));
#442 = ( GEOMETRIC_REPRESENTATION_CONTEXT(2) 
PARAMETRIC_REPRESENTATION_CONTEXT() REPRESENTATION_CONTEXT('2D SPACE',''
  ) );
#443 = PCURVE('',#444,#449);
#444 = CYLINDRICAL_SURFACE('',#445,0.5);
#445 = AXIS2_PLACEMENT_3D('',#446,#447,#448);
#446 = CARTESIAN_POINT('',(-46.,-15.24,1.2));
#447 = DIRECTION('',(0.,0.,1.));
#448 = DIRECTION('',(1.,0.,0.));
#449 = DEFINITIONAL_REPRESENTATION('',(#450),#454);
#450 = LINE('',#451,#452);
#451 = CARTESIAN_POINT('',(0.,-1.2));
#452 = VECTOR('',#453,1.);
#453 = DIRECTION('',(1.,0.));
#454 = ( GEOMETRIC_REPRESENTATION_CONTEXT(2) 
PARAMETRIC_REPRESENTATION_CONTEXT() REPRESENTATION_CONTEXT('2D SPACE',''
  ) );
#455 = FACE_BOUND('',#456,.F.);
#456 = EDGE_LOOP('',(#457));
#457 = ORIENTED_EDGE('',*,*,#458,.F.);
#458 = EDGE_CURVE('',#459,#459,#461,.T.);
#459 = VERTEX_POINT('',#460);
#460 = CARTESIAN_POINT('',(-45.5,-12.192,0.));
#461 = SURFACE_CURVE('',#462,(#467,#474),.PCURVE_S1.);
#462 = CIRCLE('',#463,0.5);
#463 = AXIS2_PLACEMENT_3D('',#464,#465,#466);
#464 = CARTESIAN_POINT('',(-46.,-12.192,0.));
#465 = DIRECTION('',(0.,0.,1.));
#466 = DIRECTION('',(1.,0.,0.));
#467 = PCURVE('',#44,#468);
#468 = DEFINITIONAL_REPRESENTATION('',(#469),#473);
#469 = CIRCLE('',#470,0.5);
#470 = AXIS2_PLACEMENT_2D('',#471,#472);
#471 = CARTESIAN_POINT('',(-46.,-12.192));
#472 = DIRECTION('',(1.,0.));
#473 = ( GEOMETRIC_REPRESENTATION_CONTEXT(2) 
PARAMETRIC_REPRESENTATION_CONTEXT() REPRESENTATION_CONTEXT('2D SPACE',''
  ) );
#474 = PCURVE('',#475,#480);
#475 = CYLINDRICAL_SURFACE('',#476,0.5);
#476 = AXIS2_PLACEMENT_3D('',#477,#478,#479);
#477 = CARTESIAN_POINT('',(-46.,-12.192,1.2));
#478 = DIRECTION('',(0.,0.,1.));
#479 = DIRECTION('',(1.,0.,0.));
#480 = DEFINITIONAL_REPRESENTATION('',(#481),#485);
#481 = LINE('',#482,#483);
#482 = CARTESIAN_POINT('',(0.,-1.2));
#483 = VECTOR('',#484,1.);
#484 = DIRECTION('',(1.,0.));
#485 = ( GEOMETRIC_REPRESENTATION_CONTEXT(2) 
PARAMETRIC_REPRESENTATION_CONTEXT() REPRESENTATION_CONTEXT('2D SPACE',''
  ) );
#486 = FACE_BOUND('',#487,.F.);
#487 = EDGE_LOOP('',(#488));
#488 = ORIENTED_EDGE('',*,*,#489,.F.);
#489 = EDGE_CURVE('',#490,#490,#492,.T.);
#490 = VERTEX_POINT('',#491);
#491 = CARTESIAN_POINT('',(-45.5,-9.144,0.));
#492 = SURFACE_CURVE('',#493,(#498,#505),.PCURVE_S1.);
#493 = CIRCLE('',#494,0.5);
#494 = AXIS2_PLACEMENT_3D('',#495,#496,#497);
#495 = CARTESIAN_POINT('',(-46.,-9.144,0.));
#496 = DIRECTION('',(0.,0.,1.));
#497 = DIRECTION('',(1.,0.,0.));
#498 = PCURVE('',#44,#499);
#499 = DEFINITIONAL_REPRESENTATION('',(#500),#504);
#500 = CIRCLE('',#501,0.5);
#501 = AXIS2_PLACEMENT_2D('',#502,#503);
#502 = CARTESIAN_POINT('',(-46.,-9.144));
#503 = DIRECTION('',(1.,0.));
#504 = ( GEOMETRIC_REPRESENTATION_CONTEXT(2) 
PARAMETRIC_REPRESENTATION_CONTEXT() REPRESENTATION_CONTEXT('2D SPACE',''
  ) );
#505 = PCURVE('',#506,#511);
#506 = CYLINDRICAL_SURFACE('',#507,0.5);
#507 = AXIS2_PLACEMENT_3D('',#508,#509,#510);
#508 = CARTESIAN_POINT('',(-46.,-9.144,1.2));
#509 = DIRECTION('',(0.,0.,1.));
#510 = DIRECTION('',(1.,0.,0.));
#511 = DEFINITIONAL_REPRESENTATION('',(#512),#516);
#512 = LINE('',#513,#514);
#513 = CARTESIAN_POINT('',(0.,-1.2));
#514 = VECTOR('',#515,1.);
#515 = DIRECTION('',(1.,0.));
#516 = ( GEOMETRIC_REPRESENTATION_CONTEXT(2) 
PARAMETRIC_REPRESENTATION_CONTEXT() REPRESENTATION_CONTEXT('2D SPACE',''
  ) );
#517 = FACE_BOUND('',#518,.F.);
#518 = EDGE_LOOP('',(#519));
#519 = ORIENTED_EDGE('',*,*,#520,.F.);
#520 = EDGE_CURVE('',#521,#521,#523,.T.);
#521 = VERTEX_POINT('',#522);
#522 = CARTESIAN_POINT('',(-45.5,-6.096,0.));
#523 = SURFACE_CURVE('',#524,(#529,#536),.PCURVE_S1.);
#524 = CIRCLE('',#525,0.5);
#525 = AXIS2_PLACEMENT_3D('',#526,#527,#528);
#526 = CARTESIAN_POINT('',(-46.,-6.096,0.));
#527 = DIRECTION('',(0.,0.,1.));
#528 = DIRECTION('',(1.,0.,0.));
#529 = PCURVE('',#44,#530);
#530 = DEFINITIONAL_REPRESENTATION('',(#531),#535);
#531 = CIRCLE('',#532,0.5);
#532 = AXIS2_PLACEMENT_2D('',#533,#534);
#533 = CARTESIAN_POINT('',(-46.,-6.096));
#534 = DIRECTION('',(1.,0.));
#535 = ( GEOMETRIC_REPRESENTATION_CONTEXT(2) 
PARAMETRIC_REPRESENTATION_CONTEXT() REPRESENTATION_CONTEXT('2D SPACE',''
  ) );
#536 = PCURVE('',#537,#542);
#537 = CYLINDRICAL_SURFACE('',#538,0.5);
#538 = AXIS2_PLACEMENT_3D('',#539,#540,#541);
#539 = CARTESIAN_POINT('',(-46.,-6.096,1.2));
#540 = DIRECTION('',(0.,0.,1.));
#541 = DIRECTION('',(1.,0.,0.));
#542 = DEFINITIONAL_REPRESENTATION('',(#543),#547);
#543 = LINE('',#544,#545);
#544 = CARTESIAN_POINT('',(0.,-1.2));
#545 = VECTOR('',#546,1.);
#546 = DIRECTION('',(1.,0.));
#547 = ( GEOMETRIC_REPRESENTATION_CONTEXT(2) 
PARAMETRIC_REPRESENTATION_CONTEXT() REPRESENTATION_CONTEXT('2D SPACE',''
  ) );
#548 = FACE_BOUND('',#549,.F.);
#549 = EDGE_LOOP('',(#550));
#550 = ORIENTED_EDGE('',*,*,#551,.F.);
#551 = EDGE_CURVE('',#552,#552,#554,.T.);
#552 = VERTEX_POINT('',#553);
#553 = CARTESIAN_POINT('',(-45.5,-3.048,0.));
#554 = SURFACE_CURVE('',#555,(#560,#567),.PCURVE_S1.);
#555 = CIRCLE('',#556,0.5);
#556 = AXIS2_PLACEMENT_3D('',#557,#558,#559);
#557 = CARTESIAN_POINT('',(-46.,-3.048,0.));
#558 = DIRECTION('',(0.,0.,1.));
#559 = DIRECTION('',(1.,0.,0.));
#560 = PCURVE('',#44,#561);
#561 = DEFINITIONAL_REPRESENTATION('',(#562),#566);
#562 = CIRCLE('',#563,0.5);
#563 = AXIS2_PLACEMENT_2D('',#564,#565);
#564 = CARTESIAN_POINT('',(-46.,-3.048));
#565 = DIRECTION('',(1.,0.));
#566 = ( GEOMETRIC_REPRESENTATION_CONTEXT(2) 
PARAMETRIC_REPRESENTATION_CONTEXT() REPRESENTATION_CONTEXT('2D SPACE',''
  ) );
#567 = PCURVE('',#568,#573);
#568 = CYLINDRICAL_SURFACE('',#569,0.5);
#569 = AXIS2_PLACEMENT_3D('',#570,#571,#572);
#570 = CARTESIAN_POINT('',(-46.,-3.048,1.2));
#571 = DIRECTION('',(0.,0.,1.));
#572 = DIRECTION('',(1.,0.,0.));
#573 = DEFINITIONAL_REPRESENTATION('',(#574),#578);
#574 = LINE('',#575,#576);
#575 = CARTESIAN_POINT('',(0.,-1.2));
#576 = VECTOR('',#577,1.);
#577 = DIRECTION('',(1.,0.));
#578 = ( GEOMETRIC_REPRESENTATION_CONTEXT(2) 
PARAMETRIC_REPRESENTATION_CONTEXT() REPRESENTATION_CONTEXT('2D SPACE',''
  ) );
#579 = FACE_BOUND('',#580,.F.);
#580 = EDGE_LOOP('',(#581));
#581 = ORIENTED_EDGE('',*,*,#582,.F.);
#582 = EDGE_CURVE('',#583,#583,#585,.T.);
#583 = VERTEX_POINT('',#584);
#584 = CARTESIAN_POINT('',(46.,-25.,0.));
#585 = SURFACE_CURVE('',#586,(#591,#598),.PCURVE_S1.);
#586 = CIRCLE('',#587,1.);
#587 = AXIS2_PLACEMENT_3D('',#588,#589,#590);
#588 = CARTESIAN_POINT('',(45.,-25.,0.));
#589 = DIRECTION('',(0.,0.,1.));
#590 = DIRECTION('',(1.,0.,0.));
#591 = PCURVE('',#44,#592);
#592 = DEFINITIONAL_REPRESENTATION('',(#593),#597);
#593 = CIRCLE('',#594,1.);
#594 = AXIS2_PLACEMENT_2D('',#595,#596);
#595 = CARTESIAN_POINT('',(45.,-25.));
#596 = DIRECTION('',(1.,0.));
#597 = ( GEOMETRIC_REPRESENTATION_CONTEXT(2) 
PARAMETRIC_REPRESENTATION_CONTEXT() REPRESENTATION_CONTEXT('2D SPACE',''
  ) );
#598 = PCURVE('',#599,#604);
#599 = CYLINDRICAL_SURFACE('',#600,1.);
#600 = AXIS2_PLACEMENT_3D('',#601,#602,#603);
#601 = CARTESIAN_POINT('',(45.,-25.,1.2));
#602 = DIRECTION('',(0.,0.,1.));
#603 = DIRECTION('',(1.,0.,0.));
#604 = DEFINITIONAL_REPRESENTATION('',(#605),#609);
#605 = LINE('',#606,#607);
#606 = CARTESIAN_POINT('',(0.,-1.2));
#607 = VECTOR('',#608,1.);
#608 = DIRECTION('',(1.,0.));
#609 = ( GEOMETRIC_REPRESENTATION_CONTEXT(2) 
PARAMETRIC_REPRESENTATION_CONTEXT() REPRESENTATION_CONTEXT('2D SPACE',''
  ) );
#610 = FACE_BOUND('',#611,.F.);
#611 = EDGE_LOOP('',(#612));
#612 = ORIENTED_EDGE('',*,*,#613,.F.);
#613 = EDGE_CURVE('',#614,#614,#616,.T.);
#614 = VERTEX_POINT('',#615);
#615 = CARTESIAN_POINT('',(-45.5,0.,0.));
#616 = SURFACE_CURVE('',#617,(#622,#629),.PCURVE_S1.);
#617 = CIRCLE('',#618,0.5);
#618 = AXIS2_PLACEMENT_3D('',#619,#620,#621);
#619 = CARTESIAN_POINT('',(-46.,0.,0.));
#620 = DIRECTION('',(0.,0.,1.));
#621 = DIRECTION('',(1.,0.,0.));
#622 = PCURVE('',#44,#623);
#623 = DEFINITIONAL_REPRESENTATION('',(#624),#628);
#624 = CIRCLE('',#625,0.5);
#625 = AXIS2_PLACEMENT_2D('',#626,#627);
#626 = CARTESIAN_POINT('',(-46.,0.));
#627 = DIRECTION('',(1.,0.));
#628 = ( GEOMETRIC_REPRESENTATION_CONTEXT(2) 
PARAMETRIC_REPRESENTATION_CONTEXT() REPRESENTATION_CONTEXT('2D SPACE',''
  ) );
#629 = PCURVE('',#630,#635);
#630 = CYLINDRICAL_SURFACE('',#631,0.5);
#631 = AXIS2_PLACEMENT_3D('',#632,#633,#634);
#632 = CARTESIAN_POINT('',(-46.,0.,1.2));
#633 = DIRECTION('',(0.,0.,1.));
#634 = DIRECTION('',(1.,0.,0.));
#635 = DEFINITIONAL_REPRESENTATION('',(#636),#640);
#636 = LINE('',#637,#638);
#637 = CARTESIAN_POINT('',(0.,-1.2));
#638 = VECTOR('',#639,1.);
#639 = DIRECTION('',(1.,0.));
#640 = ( GEOMETRIC_REPRESENTATION_CONTEXT(2) 
PARAMETRIC_REPRESENTATION_CONTEXT() REPRESENTATION_CONTEXT('2D SPACE',''
  ) );
#641 = FACE_BOUND('',#642,.F.);
#642 = EDGE_LOOP('',(#643));
#643 = ORIENTED_EDGE('',*,*,#644,.F.);
#644 = EDGE_CURVE('',#645,#645,#647,.T.);
#645 = VERTEX_POINT('',#646);
#646 = CARTESIAN_POINT('',(-45.5,3.048,0.));
#647 = SURFACE_CURVE('',#648,(#653,#660),.PCURVE_S1.);
#648 = CIRCLE('',#649,0.5);
#649 = AXIS2_PLACEMENT_3D('',#650,#651,#652);
#650 = CARTESIAN_POINT('',(-46.,3.048,0.));
#651 = DIRECTION('',(0.,0.,1.));
#652 = DIRECTION('',(1.,0.,0.));
#653 = PCURVE('',#44,#654);
#654 = DEFINITIONAL_REPRESENTATION('',(#655),#659);
#655 = CIRCLE('',#656,0.5);
#656 = AXIS2_PLACEMENT_2D('',#657,#658);
#657 = CARTESIAN_POINT('',(-46.,3.048));
#658 = DIRECTION('',(1.,0.));
#659 = ( GEOMETRIC_REPRESENTATION_CONTEXT(2) 
PARAMETRIC_REPRESENTATION_CONTEXT() REPRESENTATION_CONTEXT('2D SPACE',''
  ) );
#660 = PCURVE('',#661,#666);
#661 = CYLINDRICAL_SURFACE('',#662,0.5);
#662 = AXIS2_PLACEMENT_3D('',#663,#664,#665);
#663 = CARTESIAN_POINT('',(-46.,3.048,1.2));
#664 = DIRECTION('',(0.,0.,1.));
#665 = DIRECTION('',(1.,0.,0.));
#666 = DEFINITIONAL_REPRESENTATION('',(#667),#671);
#667 = LINE('',#668,#669);
#668 = CARTESIAN_POINT('',(0.,-1.2));
#669 = VECTOR('',#670,1.);
#670 = DIRECTION('',(1.,0.));
#671 = ( GEOMETRIC_REPRESENTATION_CONTEXT(2) 
PARAMETRIC_REPRESENTATION_CONTEXT() REPRESENTATION_CONTEXT('2D SPACE',''
  ) );
#672 = FACE_BOUND('',#673,.F.);
#673 = EDGE_LOOP('',(#674));
#674 = ORIENTED_EDGE('',*,*,#675,.F.);
#675 = EDGE_CURVE('',#676,#676,#678,.T.);
#676 = VERTEX_POINT('',#677);
#677 = CARTESIAN_POINT('',(-45.5,6.096,0.));
#678 = SURFACE_CURVE('',#679,(#684,#691),.PCURVE_S1.);
#679 = CIRCLE('',#680,0.5);
#680 = AXIS2_PLACEMENT_3D('',#681,#682,#683);
#681 = CARTESIAN_POINT('',(-46.,6.096,0.));
#682 = DIRECTION('',(0.,0.,1.));
#683 = DIRECTION('',(1.,0.,0.));
#684 = PCURVE('',#44,#685);
#685 = DEFINITIONAL_REPRESENTATION('',(#686),#690);
#686 = CIRCLE('',#687,0.5);
#687 = AXIS2_PLACEMENT_2D('',#688,#689);
#688 = CARTESIAN_POINT('',(-46.,6.096));
#689 = DIRECTION('',(1.,0.));
#690 = ( GEOMETRIC_REPRESENTATION_CONTEXT(2) 
PARAMETRIC_REPRESENTATION_CONTEXT() REPRESENTATION_CONTEXT('2D SPACE',''
  ) );
#691 = PCURVE('',#692,#697);
#692 = CYLINDRICAL_SURFACE('',#693,0.5);
#693 = AXIS2_PLACEMENT_3D('',#694,#695,#696);
#694 = CARTESIAN_POINT('',(-46.,6.096,1.2));
#695 = DIRECTION('',(0.,0.,1.));
#696 = DIRECTION('',(1.,0.,0.));
#697 = DEFINITIONAL_REPRESENTATION('',(#698),#702);
#698 = LINE('',#699,#700);
#699 = CARTESIAN_POINT('',(0.,-1.2));
#700 = VECTOR('',#701,1.);
#701 = DIRECTION('',(1.,0.));
#702 = ( GEOMETRIC_REPRESENTATION_CONTEXT(2) 
PARAMETRIC_REPRESENTATION_CONTEXT() REPRESENTATION_CONTEXT('2D SPACE',''
  ) );
#703 = FACE_BOUND('',#704,.F.);
#704 = EDGE_LOOP('',(#705));
#705 = ORIENTED_EDGE('',*,*,#706,.F.);
#706 = EDGE_CURVE('',#707,#707,#709,.T.);
#707 = VERTEX_POINT('',#708);
#708 = CARTESIAN_POINT('',(-45.5,9.144,0.));
#709 = SURFACE_CURVE('',#710,(#715,#722),.PCURVE_S1.);
#710 = CIRCLE('',#711,0.5);
#711 = AXIS2_PLACEMENT_3D('',#712,#713,#714);
#712 = CARTESIAN_POINT('',(-46.,9.144,0.));
#713 = DIRECTION('',(0.,0.,1.));
#714 = DIRECTION('',(1.,0.,0.));
#715 = PCURVE('',#44,#716);
#716 = DEFINITIONAL_REPRESENTATION('',(#717),#721);
#717 = CIRCLE('',#718,0.5);
#718 = AXIS2_PLACEMENT_2D('',#719,#720);
#719 = CARTESIAN_POINT('',(-46.,9.144));
#720 = DIRECTION('',(1.,0.));
#721 = ( GEOMETRIC_REPRESENTATION_CONTEXT(2) 
PARAMETRIC_REPRESENTATION_CONTEXT() REPRESENTATION_CONTEXT('2D SPACE',''
  ) );
#722 = PCURVE('',#723,#728);
#723 = CYLINDRICAL_SURFACE('',#724,0.5);
#724 = AXIS2_PLACEMENT_3D('',#725,#726,#727);
#725 = CARTESIAN_POINT('',(-46.,9.144,1.2));
#726 = DIRECTION('',(0.,0.,1.));
#727 = DIRECTION('',(1.,0.,0.));
#728 = DEFINITIONAL_REPRESENTATION('',(#729),#733);
#729 = LINE('',#730,#731);
#730 = CARTESIAN_POINT('',(0.,-1.2));
#731 = VECTOR('',#732,1.);
#732 = DIRECTION('',(1.,0.));
#733 = ( GEOMETRIC_REPRESENTATION_CONTEXT(2) 
PARAMETRIC_REPRESENTATION_CONTEXT() REPRESENTATION_CONTEXT('2D SPACE',''
  ) );
#734 = FACE_BOUND('',#735,.F.);
#735 = EDGE_LOOP('',(#736));
#736 = ORIENTED_EDGE('',*,*,#737,.F.);
#737 = EDGE_CURVE('',#738,#738,#740,.T.);
#738 = VERTEX_POINT('',#739);
#739 = CARTESIAN_POINT('',(-45.5,12.192,0.));
#740 = SURFACE_CURVE('',#741,(#746,#753),.PCURVE_S1.);
#741 = CIRCLE('',#742,0.5);
#742 = AXIS2_PLACEMENT_3D('',#743,#744,#745);
#743 = CARTESIAN_POINT('',(-46.,12.192,0.));
#744 = DIRECTION('',(0.,0.,1.));
#745 = DIRECTION('',(1.,0.,0.));
#746 = PCURVE('',#44,#747);
#747 = DEFINITIONAL_REPRESENTATION('',(#748),#752);
#748 = CIRCLE('',#749,0.5);
#749 = AXIS2_PLACEMENT_2D('',#750,#751);
#750 = CARTESIAN_POINT('',(-46.,12.192));
#751 = DIRECTION('',(1.,0.));
#752 = ( GEOMETRIC_REPRESENTATION_CONTEXT(2) 
PARAMETRIC_REPRESENTATION_CONTEXT() REPRESENTATION_CONTEXT('2D SPACE',''
  ) );
#753 = PCURVE('',#754,#759);
#754 = CYLINDRICAL_SURFACE('',#755,0.5);
#755 = AXIS2_PLACEMENT_3D('',#756,#757,#758);
#756 = CARTESIAN_POINT('',(-46.,12.192,1.2));
#757 = DIRECTION('',(0.,0.,1.));
#758 = DIRECTION('',(1.,0.,0.));
#759 = DEFINITIONAL_REPRESENTATION('',(#760),#764);
#760 = LINE('',#761,#762);
#761 = CARTESIAN_POINT('',(0.,-1.2));
#762 = VECTOR('',#763,1.);
#763 = DIRECTION('',(1.,0.));
#764 = ( GEOMETRIC_REPRESENTATION_CONTEXT(2) 
PARAMETRIC_REPRESENTATION_CONTEXT() REPRESENTATION_CONTEXT('2D SPACE',''
  ) );
#765 = FACE_BOUND('',#766,.F.);
#766 = EDGE_LOOP('',(#767));
#767 = ORIENTED_EDGE('',*,*,#768,.F.);
#768 = EDGE_CURVE('',#769,#769,#771,.T.);
#769 = VERTEX_POINT('',#770);
#770 = CARTESIAN_POINT('',(-45.5,15.24,0.));
#771 = SURFACE_CURVE('',#772,(#777,#784),.PCURVE_S1.);
#772 = CIRCLE('',#773,0.5);
#773 = AXIS2_PLACEMENT_3D('',#774,#775,#776);
#774 = CARTESIAN_POINT('',(-46.,15.24,0.));
#775 = DIRECTION('',(0.,0.,1.));
#776 = DIRECTION('',(1.,0.,0.));
#777 = PCURVE('',#44,#778);
#778 = DEFINITIONAL_REPRESENTATION('',(#779),#783);
#779 = CIRCLE('',#780,0.5);
#780 = AXIS2_PLACEMENT_2D('',#781,#782);
#781 = CARTESIAN_POINT('',(-46.,15.24));
#782 = DIRECTION('',(1.,0.));
#783 = ( GEOMETRIC_REPRESENTATION_CONTEXT(2) 
PARAMETRIC_REPRESENTATION_CONTEXT() REPRESENTATION_CONTEXT('2D SPACE',''
  ) );
#784 = PCURVE('',#785,#790);
#785 = CYLINDRICAL_SURFACE('',#786,0.5);
#786 = AXIS2_PLACEMENT_3D('',#787,#788,#789);
#787 = CARTESIAN_POINT('',(-46.,15.24,1.2));
#788 = DIRECTION('',(0.,0.,1.));
#789 = DIRECTION('',(1.,0.,0.));
#790 = DEFINITIONAL_REPRESENTATION('',(#791),#795);
#791 = LINE('',#792,#793);
#792 = CARTESIAN_POINT('',(0.,-1.2));
#793 = VECTOR('',#794,1.);
#794 = DIRECTION('',(1.,0.));
#795 = ( GEOMETRIC_REPRESENTATION_CONTEXT(2) 
PARAMETRIC_REPRESENTATION_CONTEXT() REPRESENTATION_CONTEXT('2D SPACE',''
  ) );
#796 = FACE_BOUND('',#797,.F.);
#797 = EDGE_LOOP('',(#798));
#798 = ORIENTED_EDGE('',*,*,#799,.F.);
#799 = EDGE_CURVE('',#800,#800,#802,.T.);
#800 = VERTEX_POINT('',#801);
#801 = CARTESIAN_POINT('',(-44.,25.,0.));
#802 = SURFACE_CURVE('',#803,(#808,#815),.PCURVE_S1.);
#803 = CIRCLE('',#804,1.);
#804 = AXIS2_PLACEMENT_3D('',#805,#806,#807);
#805 = CARTESIAN_POINT('',(-45.,25.,0.));
#806 = DIRECTION('',(0.,0.,1.));
#807 = DIRECTION('',(1.,0.,0.));
#808 = PCURVE('',#44,#809);
#809 = DEFINITIONAL_REPRESENTATION('',(#810),#814);
#810 = CIRCLE('',#811,1.);
#811 = AXIS2_PLACEMENT_2D('',#812,#813);
#812 = CARTESIAN_POINT('',(-45.,25.));
#813 = DIRECTION('',(1.,0.));
#814 = ( GEOMETRIC_REPRESENTATION_CONTEXT(2) 
PARAMETRIC_REPRESENTATION_CONTEXT() REPRESENTATION_CONTEXT('2D SPACE',''
  ) );
#815 = PCURVE('',#816,#821);
#816 = CYLINDRICAL_SURFACE('',#817,1.);
#817 = AXIS2_PLACEMENT_3D('',#818,#819,#820);
#818 = CARTESIAN_POINT('',(-45.,25.,1.2));
#819 = DIRECTION('',(0.,0.,1.));
#820 = DIRECTION('',(1.,0.,0.));
#821 = DEFINITIONAL_REPRESENTATION('',(#822),#826);
#822 = LINE('',#823,#824);
#823 = CARTESIAN_POINT('',(0.,-1.2));
#824 = VECTOR('',#825,1.);
#825 = DIRECTION('',(1.,0.));
#826 = ( GEOMETRIC_REPRESENTATION_CONTEXT(2) 
PARAMETRIC_REPRESENTATION_CONTEXT() REPRESENTATION_CONTEXT('2D SPACE',''
  ) );
#827 = FACE_BOUND('',#828,.F.);
#828 = EDGE_LOOP('',(#829));
#829 = ORIENTED_EDGE('',*,*,#830,.F.);
#830 = EDGE_CURVE('',#831,#831,#833,.T.);
#831 = VERTEX_POINT('',#832);
#832 = CARTESIAN_POINT('',(46.,25.,0.));
#833 = SURFACE_CURVE('',#834,(#839,#846),.PCURVE_S1.);
#834 = CIRCLE('',#835,1.);
#835 = AXIS2_PLACEMENT_3D('',#836,#837,#838);
#836 = CARTESIAN_POINT('',(45.,25.,0.));
#837 = DIRECTION('',(0.,0.,1.));
#838 = DIRECTION('',(1.,0.,0.));
#839 = PCURVE('',#44,#840);
#840 = DEFINITIONAL_REPRESENTATION('',(#841),#845);
#841 = CIRCLE('',#842,1.);
#842 = AXIS2_PLACEMENT_2D('',#843,#844);
#843 = CARTESIAN_POINT('',(45.,25.));
#844 = DIRECTION('',(1.,0.));
#845 = ( GEOMETRIC_REPRESENTATION_CONTEXT(2) 
PARAMETRIC_REPRESENTATION_CONTEXT() REPRESENTATION_CONTEXT('2D SPACE',''
  ) );
#846 = PCURVE('',#847,#852);
#847 = CYLINDRICAL_SURFACE('',#848,1.);
#848 = AXIS2_PLACEMENT_3D('',#849,#850,#851);
#849 = CARTESIAN_POINT('',(45.,25.,1.2));
#850 = DIRECTION('',(0.,0.,1.));
#851 = DIRECTION('',(1.,0.,0.));
#852 = DEFINITIONAL_REPRESENTATION('',(#853),#857);
#853 = LINE('',#854,#855);
#854 = CARTESIAN_POINT('',(0.,-1.2));
#855 = VECTOR('',#856,1.);
#856 = DIRECTION('',(1.,0.));
#857 = ( GEOMETRIC_REPRESENTATION_CONTEXT(2) 
PARAMETRIC_REPRESENTATION_CONTEXT() REPRESENTATION_CONTEXT('2D SPACE',''
  ) );
#858 = ADVANCED_FACE('',(#859),#72,.T.);
#859 = FACE_BOUND('',#860,.T.);
#860 = EDGE_LOOP('',(#861,#862,#885,#907));
#861 = ORIENTED_EDGE('',*,*,#198,.T.);
#862 = ORIENTED_EDGE('',*,*,#863,.T.);
#863 = EDGE_CURVE('',#199,#864,#866,.T.);
#864 = VERTEX_POINT('',#865);
#865 = CARTESIAN_POINT('',(-47.5,25.,1.2));
#866 = SURFACE_CURVE('',#867,(#871,#878),.PCURVE_S1.);
#867 = LINE('',#868,#869);
#868 = CARTESIAN_POINT('',(-47.5,25.,0.));
#869 = VECTOR('',#870,1.);
#870 = DIRECTION('',(0.,0.,1.));
#871 = PCURVE('',#72,#872);
#872 = DEFINITIONAL_REPRESENTATION('',(#873),#877);
#873 = LINE('',#874,#875);
#874 = CARTESIAN_POINT('',(1.570796326795,0.));
#875 = VECTOR('',#876,1.);
#876 = DIRECTION('',(0.,1.));
#877 = ( GEOMETRIC_REPRESENTATION_CONTEXT(2) 
PARAMETRIC_REPRESENTATION_CONTEXT() REPRESENTATION_CONTEXT('2D SPACE',''
  ) );
#878 = PCURVE('',#238,#879);
#879 = DEFINITIONAL_REPRESENTATION('',(#880),#884);
#880 = LINE('',#881,#882);
#881 = CARTESIAN_POINT('',(52.5,0.));
#882 = VECTOR('',#883,1.);
#883 = DIRECTION('',(0.,-1.));
#884 = ( GEOMETRIC_REPRESENTATION_CONTEXT(2) 
PARAMETRIC_REPRESENTATION_CONTEXT() REPRESENTATION_CONTEXT('2D SPACE',''
  ) );
#885 = ORIENTED_EDGE('',*,*,#886,.F.);
#886 = EDGE_CURVE('',#57,#864,#887,.T.);
#887 = SURFACE_CURVE('',#888,(#893,#900),.PCURVE_S1.);
#888 = CIRCLE('',#889,2.5);
#889 = AXIS2_PLACEMENT_3D('',#890,#891,#892);
#890 = CARTESIAN_POINT('',(-45.,25.,1.2));
#891 = DIRECTION('',(-0.,0.,1.));
#892 = DIRECTION('',(0.,-1.,0.));
#893 = PCURVE('',#72,#894);
#894 = DEFINITIONAL_REPRESENTATION('',(#895),#899);
#895 = LINE('',#896,#897);
#896 = CARTESIAN_POINT('',(-3.14159265359,1.2));
#897 = VECTOR('',#898,1.);
#898 = DIRECTION('',(1.,0.));
#899 = ( GEOMETRIC_REPRESENTATION_CONTEXT(2) 
PARAMETRIC_REPRESENTATION_CONTEXT() REPRESENTATION_CONTEXT('2D SPACE',''
  ) );
#900 = PCURVE('',#100,#901);
#901 = DEFINITIONAL_REPRESENTATION('',(#902),#906);
#902 = CIRCLE('',#903,2.5);
#903 = AXIS2_PLACEMENT_2D('',#904,#905);
#904 = CARTESIAN_POINT('',(-45.,25.));
#905 = DIRECTION('',(0.,-1.));
#906 = ( GEOMETRIC_REPRESENTATION_CONTEXT(2) 
PARAMETRIC_REPRESENTATION_CONTEXT() REPRESENTATION_CONTEXT('2D SPACE',''
  ) );
#907 = ORIENTED_EDGE('',*,*,#56,.F.);
#908 = ADVANCED_FACE('',(#909),#182,.T.);
#909 = FACE_BOUND('',#910,.F.);
#910 = EDGE_LOOP('',(#911,#912,#935,#961));
#911 = ORIENTED_EDGE('',*,*,#368,.T.);
#912 = ORIENTED_EDGE('',*,*,#913,.T.);
#913 = EDGE_CURVE('',#341,#914,#916,.T.);
#914 = VERTEX_POINT('',#915);
#915 = CARTESIAN_POINT('',(47.5,25.,1.2));
#916 = SURFACE_CURVE('',#917,(#921,#928),.PCURVE_S1.);
#917 = LINE('',#918,#919);
#918 = CARTESIAN_POINT('',(47.5,25.,0.));
#919 = VECTOR('',#920,1.);
#920 = DIRECTION('',(0.,0.,1.));
#921 = PCURVE('',#182,#922);
#922 = DEFINITIONAL_REPRESENTATION('',(#923),#927);
#923 = LINE('',#924,#925);
#924 = CARTESIAN_POINT('',(-1.570796326795,0.));
#925 = VECTOR('',#926,1.);
#926 = DIRECTION('',(-0.,1.));
#927 = ( GEOMETRIC_REPRESENTATION_CONTEXT(2) 
PARAMETRIC_REPRESENTATION_CONTEXT() REPRESENTATION_CONTEXT('2D SPACE',''
  ) );
#928 = PCURVE('',#356,#929);
#929 = DEFINITIONAL_REPRESENTATION('',(#930),#934);
#930 = LINE('',#931,#932);
#931 = CARTESIAN_POINT('',(2.5,0.));
#932 = VECTOR('',#933,1.);
#933 = DIRECTION('',(0.,-1.));
#934 = ( GEOMETRIC_REPRESENTATION_CONTEXT(2) 
PARAMETRIC_REPRESENTATION_CONTEXT() REPRESENTATION_CONTEXT('2D SPACE',''
  ) );
#935 = ORIENTED_EDGE('',*,*,#936,.F.);
#936 = EDGE_CURVE('',#141,#914,#937,.T.);
#937 = SURFACE_CURVE('',#938,(#943,#950),.PCURVE_S1.);
#938 = CIRCLE('',#939,2.5);
#939 = AXIS2_PLACEMENT_3D('',#940,#941,#942);
#940 = CARTESIAN_POINT('',(45.,25.,1.2));
#941 = DIRECTION('',(-0.,-0.,-1.));
#942 = DIRECTION('',(0.,-1.,0.));
#943 = PCURVE('',#182,#944);
#944 = DEFINITIONAL_REPRESENTATION('',(#945),#949);
#945 = LINE('',#946,#947);
#946 = CARTESIAN_POINT('',(3.14159265359,1.2));
#947 = VECTOR('',#948,1.);
#948 = DIRECTION('',(-1.,0.));
#949 = ( GEOMETRIC_REPRESENTATION_CONTEXT(2) 
PARAMETRIC_REPRESENTATION_CONTEXT() REPRESENTATION_CONTEXT('2D SPACE',''
  ) );
#950 = PCURVE('',#156,#951);
#951 = DEFINITIONAL_REPRESENTATION('',(#952),#960);
#952 = ( BOUNDED_CURVE() B_SPLINE_CURVE(2,(#953,#954,#955,#956,#957,#958
,#959),.UNSPECIFIED.,.T.,.F.) B_SPLINE_CURVE_WITH_KNOTS((1,2,2,2,2,1),(
    -2.094395102393,0.,2.094395102393,4.188790204786,6.28318530718,
8.377580409573),.UNSPECIFIED.) CURVE() GEOMETRIC_REPRESENTATION_ITEM() 
RATIONAL_B_SPLINE_CURVE((1.,0.5,1.,0.5,1.,0.5,1.)) REPRESENTATION_ITEM(
  '') );
#953 = CARTESIAN_POINT('',(45.,22.5));
#954 = CARTESIAN_POINT('',(40.669872981078,22.5));
#955 = CARTESIAN_POINT('',(42.834936490539,26.25));
#956 = CARTESIAN_POINT('',(45.,30.));
#957 = CARTESIAN_POINT('',(47.165063509461,26.25));
#958 = CARTESIAN_POINT('',(49.330127018922,22.5));
#959 = CARTESIAN_POINT('',(45.,22.5));
#960 = ( GEOMETRIC_REPRESENTATION_CONTEXT(2) 
PARAMETRIC_REPRESENTATION_CONTEXT() REPRESENTATION_CONTEXT('2D SPACE',''
  ) );
#961 = ORIENTED_EDGE('',*,*,#168,.F.);
#962 = ADVANCED_FACE('',(#963,#1063,#1089,#1115,#1141,#1167,#1193,#1219,
    #1245,#1271,#1297,#1323,#1349,#1375),#100,.T.);
#963 = FACE_BOUND('',#964,.T.);
#964 = EDGE_LOOP('',(#965,#966,#967,#990,#1014,#1037));
#965 = ORIENTED_EDGE('',*,*,#84,.F.);
#966 = ORIENTED_EDGE('',*,*,#886,.T.);
#967 = ORIENTED_EDGE('',*,*,#968,.F.);
#968 = EDGE_CURVE('',#969,#864,#971,.T.);
#969 = VERTEX_POINT('',#970);
#970 = CARTESIAN_POINT('',(-47.5,-25.,1.2));
#971 = SURFACE_CURVE('',#972,(#976,#983),.PCURVE_S1.);
#972 = LINE('',#973,#974);
#973 = CARTESIAN_POINT('',(-47.5,-27.5,1.2));
#974 = VECTOR('',#975,1.);
#975 = DIRECTION('',(0.,1.,0.));
#976 = PCURVE('',#100,#977);
#977 = DEFINITIONAL_REPRESENTATION('',(#978),#982);
#978 = LINE('',#979,#980);
#979 = CARTESIAN_POINT('',(-47.5,-27.5));
#980 = VECTOR('',#981,1.);
#981 = DIRECTION('',(0.,1.));
#982 = ( GEOMETRIC_REPRESENTATION_CONTEXT(2) 
PARAMETRIC_REPRESENTATION_CONTEXT() REPRESENTATION_CONTEXT('2D SPACE',''
  ) );
#983 = PCURVE('',#238,#984);
#984 = DEFINITIONAL_REPRESENTATION('',(#985),#989);
#985 = LINE('',#986,#987);
#986 = CARTESIAN_POINT('',(0.,-1.2));
#987 = VECTOR('',#988,1.);
#988 = DIRECTION('',(1.,0.));
#989 = ( GEOMETRIC_REPRESENTATION_CONTEXT(2) 
PARAMETRIC_REPRESENTATION_CONTEXT() REPRESENTATION_CONTEXT('2D SPACE',''
  ) );
#990 = ORIENTED_EDGE('',*,*,#991,.T.);
#991 = EDGE_CURVE('',#969,#992,#994,.T.);
#992 = VERTEX_POINT('',#993);
#993 = CARTESIAN_POINT('',(-45.,-27.5,1.2));
#994 = SURFACE_CURVE('',#995,(#1000,#1007),.PCURVE_S1.);
#995 = CIRCLE('',#996,2.5);
#996 = AXIS2_PLACEMENT_3D('',#997,#998,#999);
#997 = CARTESIAN_POINT('',(-45.,-25.,1.2));
#998 = DIRECTION('',(-0.,0.,1.));
#999 = DIRECTION('',(0.,-1.,0.));
#1000 = PCURVE('',#100,#1001);
#1001 = DEFINITIONAL_REPRESENTATION('',(#1002),#1006);
#1002 = CIRCLE('',#1003,2.5);
#1003 = AXIS2_PLACEMENT_2D('',#1004,#1005);
#1004 = CARTESIAN_POINT('',(-45.,-25.));
#1005 = DIRECTION('',(0.,-1.));
#1006 = ( GEOMETRIC_REPRESENTATION_CONTEXT(2) 
PARAMETRIC_REPRESENTATION_CONTEXT() REPRESENTATION_CONTEXT('2D SPACE',''
  ) );
#1007 = PCURVE('',#267,#1008);
#1008 = DEFINITIONAL_REPRESENTATION('',(#1009),#1013);
#1009 = LINE('',#1010,#1011);
#1010 = CARTESIAN_POINT('',(-4.712388980385,1.2));
#1011 = VECTOR('',#1012,1.);
#1012 = DIRECTION('',(1.,0.));
#1013 = ( GEOMETRIC_REPRESENTATION_CONTEXT(2) 
PARAMETRIC_REPRESENTATION_CONTEXT() REPRESENTATION_CONTEXT('2D SPACE',''
  ) );
#1014 = ORIENTED_EDGE('',*,*,#1015,.F.);
#1015 = EDGE_CURVE('',#1016,#992,#1018,.T.);
#1016 = VERTEX_POINT('',#1017);
#1017 = CARTESIAN_POINT('',(-42.5,-27.5,1.2));
#1018 = SURFACE_CURVE('',#1019,(#1023,#1030),.PCURVE_S1.);
#1019 = LINE('',#1020,#1021);
#1020 = CARTESIAN_POINT('',(47.5,-27.5,1.2));
#1021 = VECTOR('',#1022,1.);
#1022 = DIRECTION('',(-1.,0.,0.));
#1023 = PCURVE('',#100,#1024);
#1024 = DEFINITIONAL_REPRESENTATION('',(#1025),#1029);
#1025 = LINE('',#1026,#1027);
#1026 = CARTESIAN_POINT('',(47.5,-27.5));
#1027 = VECTOR('',#1028,1.);
#1028 = DIRECTION('',(-1.,0.));
#1029 = ( GEOMETRIC_REPRESENTATION_CONTEXT(2) 
PARAMETRIC_REPRESENTATION_CONTEXT() REPRESENTATION_CONTEXT('2D SPACE',''
  ) );
#1030 = PCURVE('',#295,#1031);
#1031 = DEFINITIONAL_REPRESENTATION('',(#1032),#1036);
#1032 = LINE('',#1033,#1034);
#1033 = CARTESIAN_POINT('',(0.,-1.2));
#1034 = VECTOR('',#1035,1.);
#1035 = DIRECTION('',(1.,0.));
#1036 = ( GEOMETRIC_REPRESENTATION_CONTEXT(2) 
PARAMETRIC_REPRESENTATION_CONTEXT() REPRESENTATION_CONTEXT('2D SPACE',''
  ) );
#1037 = ORIENTED_EDGE('',*,*,#1038,.T.);
#1038 = EDGE_CURVE('',#1016,#85,#1039,.T.);
#1039 = SURFACE_CURVE('',#1040,(#1044,#1051),.PCURVE_S1.);
#1040 = LINE('',#1041,#1042);
#1041 = CARTESIAN_POINT('',(-42.5,-27.5,1.2));
#1042 = VECTOR('',#1043,1.);
#1043 = DIRECTION('',(0.,1.,0.));
#1044 = PCURVE('',#100,#1045);
#1045 = DEFINITIONAL_REPRESENTATION('',(#1046),#1050);
#1046 = LINE('',#1047,#1048);
#1047 = CARTESIAN_POINT('',(-42.5,-27.5));
#1048 = VECTOR('',#1049,1.);
#1049 = DIRECTION('',(0.,1.));
#1050 = ( GEOMETRIC_REPRESENTATION_CONTEXT(2) 
PARAMETRIC_REPRESENTATION_CONTEXT() REPRESENTATION_CONTEXT('2D SPACE',''
  ) );
#1051 = PCURVE('',#1052,#1057);
#1052 = PLANE('',#1053);
#1053 = AXIS2_PLACEMENT_3D('',#1054,#1055,#1056);
#1054 = CARTESIAN_POINT('',(-42.5,-27.5,1.2));
#1055 = DIRECTION('',(-1.,0.,0.));
#1056 = DIRECTION('',(0.,1.,0.));
#1057 = DEFINITIONAL_REPRESENTATION('',(#1058),#1062);
#1058 = LINE('',#1059,#1060);
#1059 = CARTESIAN_POINT('',(0.,0.));
#1060 = VECTOR('',#1061,1.);
#1061 = DIRECTION('',(1.,0.));
#1062 = ( GEOMETRIC_REPRESENTATION_CONTEXT(2) 
PARAMETRIC_REPRESENTATION_CONTEXT() REPRESENTATION_CONTEXT('2D SPACE',''
  ) );
#1063 = FACE_BOUND('',#1064,.T.);
#1064 = EDGE_LOOP('',(#1065));
#1065 = ORIENTED_EDGE('',*,*,#1066,.F.);
#1066 = EDGE_CURVE('',#1067,#1067,#1069,.T.);
#1067 = VERTEX_POINT('',#1068);
#1068 = CARTESIAN_POINT('',(-45.5,-15.24,1.2));
#1069 = SURFACE_CURVE('',#1070,(#1075,#1082),.PCURVE_S1.);
#1070 = CIRCLE('',#1071,0.5);
#1071 = AXIS2_PLACEMENT_3D('',#1072,#1073,#1074);
#1072 = CARTESIAN_POINT('',(-46.,-15.24,1.2));
#1073 = DIRECTION('',(0.,0.,1.));
#1074 = DIRECTION('',(1.,0.,0.));
#1075 = PCURVE('',#100,#1076);
#1076 = DEFINITIONAL_REPRESENTATION('',(#1077),#1081);
#1077 = CIRCLE('',#1078,0.5);
#1078 = AXIS2_PLACEMENT_2D('',#1079,#1080);
#1079 = CARTESIAN_POINT('',(-46.,-15.24));
#1080 = DIRECTION('',(1.,0.));
#1081 = ( GEOMETRIC_REPRESENTATION_CONTEXT(2) 
PARAMETRIC_REPRESENTATION_CONTEXT() REPRESENTATION_CONTEXT('2D SPACE',''
  ) );
#1082 = PCURVE('',#444,#1083);
#1083 = DEFINITIONAL_REPRESENTATION('',(#1084),#1088);
#1084 = LINE('',#1085,#1086);
#1085 = CARTESIAN_POINT('',(0.,0.));
#1086 = VECTOR('',#1087,1.);
#1087 = DIRECTION('',(1.,0.));
#1088 = ( GEOMETRIC_REPRESENTATION_CONTEXT(2) 
PARAMETRIC_REPRESENTATION_CONTEXT() REPRESENTATION_CONTEXT('2D SPACE',''
  ) );
#1089 = FACE_BOUND('',#1090,.T.);
#1090 = EDGE_LOOP('',(#1091));
#1091 = ORIENTED_EDGE('',*,*,#1092,.F.);
#1092 = EDGE_CURVE('',#1093,#1093,#1095,.T.);
#1093 = VERTEX_POINT('',#1094);
#1094 = CARTESIAN_POINT('',(-45.5,-12.192,1.2));
#1095 = SURFACE_CURVE('',#1096,(#1101,#1108),.PCURVE_S1.);
#1096 = CIRCLE('',#1097,0.5);
#1097 = AXIS2_PLACEMENT_3D('',#1098,#1099,#1100);
#1098 = CARTESIAN_POINT('',(-46.,-12.192,1.2));
#1099 = DIRECTION('',(0.,0.,1.));
#1100 = DIRECTION('',(1.,0.,0.));
#1101 = PCURVE('',#100,#1102);
#1102 = DEFINITIONAL_REPRESENTATION('',(#1103),#1107);
#1103 = CIRCLE('',#1104,0.5);
#1104 = AXIS2_PLACEMENT_2D('',#1105,#1106);
#1105 = CARTESIAN_POINT('',(-46.,-12.192));
#1106 = DIRECTION('',(1.,0.));
#1107 = ( GEOMETRIC_REPRESENTATION_CONTEXT(2) 
PARAMETRIC_REPRESENTATION_CONTEXT() REPRESENTATION_CONTEXT('2D SPACE',''
  ) );
#1108 = PCURVE('',#475,#1109);
#1109 = DEFINITIONAL_REPRESENTATION('',(#1110),#1114);
#1110 = LINE('',#1111,#1112);
#1111 = CARTESIAN_POINT('',(0.,0.));
#1112 = VECTOR('',#1113,1.);
#1113 = DIRECTION('',(1.,0.));
#1114 = ( GEOMETRIC_REPRESENTATION_CONTEXT(2) 
PARAMETRIC_REPRESENTATION_CONTEXT() REPRESENTATION_CONTEXT('2D SPACE',''
  ) );
#1115 = FACE_BOUND('',#1116,.T.);
#1116 = EDGE_LOOP('',(#1117));
#1117 = ORIENTED_EDGE('',*,*,#1118,.F.);
#1118 = EDGE_CURVE('',#1119,#1119,#1121,.T.);
#1119 = VERTEX_POINT('',#1120);
#1120 = CARTESIAN_POINT('',(-45.5,-9.144,1.2));
#1121 = SURFACE_CURVE('',#1122,(#1127,#1134),.PCURVE_S1.);
#1122 = CIRCLE('',#1123,0.5);
#1123 = AXIS2_PLACEMENT_3D('',#1124,#1125,#1126);
#1124 = CARTESIAN_POINT('',(-46.,-9.144,1.2));
#1125 = DIRECTION('',(0.,0.,1.));
#1126 = DIRECTION('',(1.,0.,0.));
#1127 = PCURVE('',#100,#1128);
#1128 = DEFINITIONAL_REPRESENTATION('',(#1129),#1133);
#1129 = CIRCLE('',#1130,0.5);
#1130 = AXIS2_PLACEMENT_2D('',#1131,#1132);
#1131 = CARTESIAN_POINT('',(-46.,-9.144));
#1132 = DIRECTION('',(1.,0.));
#1133 = ( GEOMETRIC_REPRESENTATION_CONTEXT(2) 
PARAMETRIC_REPRESENTATION_CONTEXT() REPRESENTATION_CONTEXT('2D SPACE',''
  ) );
#1134 = PCURVE('',#506,#1135);
#1135 = DEFINITIONAL_REPRESENTATION('',(#1136),#1140);
#1136 = LINE('',#1137,#1138);
#1137 = CARTESIAN_POINT('',(0.,0.));
#1138 = VECTOR('',#1139,1.);
#1139 = DIRECTION('',(1.,0.));
#1140 = ( GEOMETRIC_REPRESENTATION_CONTEXT(2) 
PARAMETRIC_REPRESENTATION_CONTEXT() REPRESENTATION_CONTEXT('2D SPACE',''
  ) );
#1141 = FACE_BOUND('',#1142,.T.);
#1142 = EDGE_LOOP('',(#1143));
#1143 = ORIENTED_EDGE('',*,*,#1144,.F.);
#1144 = EDGE_CURVE('',#1145,#1145,#1147,.T.);
#1145 = VERTEX_POINT('',#1146);
#1146 = CARTESIAN_POINT('',(-45.5,-6.096,1.2));
#1147 = SURFACE_CURVE('',#1148,(#1153,#1160),.PCURVE_S1.);
#1148 = CIRCLE('',#1149,0.5);
#1149 = AXIS2_PLACEMENT_3D('',#1150,#1151,#1152);
#1150 = CARTESIAN_POINT('',(-46.,-6.096,1.2));
#1151 = DIRECTION('',(0.,0.,1.));
#1152 = DIRECTION('',(1.,0.,0.));
#1153 = PCURVE('',#100,#1154);
#1154 = DEFINITIONAL_REPRESENTATION('',(#1155),#1159);
#1155 = CIRCLE('',#1156,0.5);
#1156 = AXIS2_PLACEMENT_2D('',#1157,#1158);
#1157 = CARTESIAN_POINT('',(-46.,-6.096));
#1158 = DIRECTION('',(1.,0.));
#1159 = ( GEOMETRIC_REPRESENTATION_CONTEXT(2) 
PARAMETRIC_REPRESENTATION_CONTEXT() REPRESENTATION_CONTEXT('2D SPACE',''
  ) );
#1160 = PCURVE('',#537,#1161);
#1161 = DEFINITIONAL_REPRESENTATION('',(#1162),#1166);
#1162 = LINE('',#1163,#1164);
#1163 = CARTESIAN_POINT('',(0.,0.));
#1164 = VECTOR('',#1165,1.);
#1165 = DIRECTION('',(1.,0.));
#1166 = ( GEOMETRIC_REPRESENTATION_CONTEXT(2) 
PARAMETRIC_REPRESENTATION_CONTEXT() REPRESENTATION_CONTEXT('2D SPACE',''
  ) );
#1167 = FACE_BOUND('',#1168,.T.);
#1168 = EDGE_LOOP('',(#1169));
#1169 = ORIENTED_EDGE('',*,*,#1170,.F.);
#1170 = EDGE_CURVE('',#1171,#1171,#1173,.T.);
#1171 = VERTEX_POINT('',#1172);
#1172 = CARTESIAN_POINT('',(-45.5,-3.048,1.2));
#1173 = SURFACE_CURVE('',#1174,(#1179,#1186),.PCURVE_S1.);
#1174 = CIRCLE('',#1175,0.5);
#1175 = AXIS2_PLACEMENT_3D('',#1176,#1177,#1178);
#1176 = CARTESIAN_POINT('',(-46.,-3.048,1.2));
#1177 = DIRECTION('',(0.,0.,1.));
#1178 = DIRECTION('',(1.,0.,0.));
#1179 = PCURVE('',#100,#1180);
#1180 = DEFINITIONAL_REPRESENTATION('',(#1181),#1185);
#1181 = CIRCLE('',#1182,0.5);
#1182 = AXIS2_PLACEMENT_2D('',#1183,#1184);
#1183 = CARTESIAN_POINT('',(-46.,-3.048));
#1184 = DIRECTION('',(1.,0.));
#1185 = ( GEOMETRIC_REPRESENTATION_CONTEXT(2) 
PARAMETRIC_REPRESENTATION_CONTEXT() REPRESENTATION_CONTEXT('2D SPACE',''
  ) );
#1186 = PCURVE('',#568,#1187);
#1187 = DEFINITIONAL_REPRESENTATION('',(#1188),#1192);
#1188 = LINE('',#1189,#1190);
#1189 = CARTESIAN_POINT('',(0.,0.));
#1190 = VECTOR('',#1191,1.);
#1191 = DIRECTION('',(1.,0.));
#1192 = ( GEOMETRIC_REPRESENTATION_CONTEXT(2) 
PARAMETRIC_REPRESENTATION_CONTEXT() REPRESENTATION_CONTEXT('2D SPACE',''
  ) );
#1193 = FACE_BOUND('',#1194,.T.);
#1194 = EDGE_LOOP('',(#1195));
#1195 = ORIENTED_EDGE('',*,*,#1196,.F.);
#1196 = EDGE_CURVE('',#1197,#1197,#1199,.T.);
#1197 = VERTEX_POINT('',#1198);
#1198 = CARTESIAN_POINT('',(-44.,-25.,1.2));
#1199 = SURFACE_CURVE('',#1200,(#1205,#1212),.PCURVE_S1.);
#1200 = CIRCLE('',#1201,1.);
#1201 = AXIS2_PLACEMENT_3D('',#1202,#1203,#1204);
#1202 = CARTESIAN_POINT('',(-45.,-25.,1.2));
#1203 = DIRECTION('',(0.,0.,1.));
#1204 = DIRECTION('',(1.,0.,0.));
#1205 = PCURVE('',#100,#1206);
#1206 = DEFINITIONAL_REPRESENTATION('',(#1207),#1211);
#1207 = CIRCLE('',#1208,1.);
#1208 = AXIS2_PLACEMENT_2D('',#1209,#1210);
#1209 = CARTESIAN_POINT('',(-45.,-25.));
#1210 = DIRECTION('',(1.,0.));
#1211 = ( GEOMETRIC_REPRESENTATION_CONTEXT(2) 
PARAMETRIC_REPRESENTATION_CONTEXT() REPRESENTATION_CONTEXT('2D SPACE',''
  ) );
#1212 = PCURVE('',#413,#1213);
#1213 = DEFINITIONAL_REPRESENTATION('',(#1214),#1218);
#1214 = LINE('',#1215,#1216);
#1215 = CARTESIAN_POINT('',(0.,0.));
#1216 = VECTOR('',#1217,1.);
#1217 = DIRECTION('',(1.,0.));
#1218 = ( GEOMETRIC_REPRESENTATION_CONTEXT(2) 
PARAMETRIC_REPRESENTATION_CONTEXT() REPRESENTATION_CONTEXT('2D SPACE',''
  ) );
#1219 = FACE_BOUND('',#1220,.T.);
#1220 = EDGE_LOOP('',(#1221));
#1221 = ORIENTED_EDGE('',*,*,#1222,.F.);
#1222 = EDGE_CURVE('',#1223,#1223,#1225,.T.);
#1223 = VERTEX_POINT('',#1224);
#1224 = CARTESIAN_POINT('',(-45.5,0.,1.2));
#1225 = SURFACE_CURVE('',#1226,(#1231,#1238),.PCURVE_S1.);
#1226 = CIRCLE('',#1227,0.5);
#1227 = AXIS2_PLACEMENT_3D('',#1228,#1229,#1230);
#1228 = CARTESIAN_POINT('',(-46.,0.,1.2));
#1229 = DIRECTION('',(0.,0.,1.));
#1230 = DIRECTION('',(1.,0.,0.));
#1231 = PCURVE('',#100,#1232);
#1232 = DEFINITIONAL_REPRESENTATION('',(#1233),#1237);
#1233 = CIRCLE('',#1234,0.5);
#1234 = AXIS2_PLACEMENT_2D('',#1235,#1236);
#1235 = CARTESIAN_POINT('',(-46.,0.));
#1236 = DIRECTION('',(1.,0.));
#1237 = ( GEOMETRIC_REPRESENTATION_CONTEXT(2) 
PARAMETRIC_REPRESENTATION_CONTEXT() REPRESENTATION_CONTEXT('2D SPACE',''
  ) );
#1238 = PCURVE('',#630,#1239);
#1239 = DEFINITIONAL_REPRESENTATION('',(#1240),#1244);
#1240 = LINE('',#1241,#1242);
#1241 = CARTESIAN_POINT('',(0.,0.));
#1242 = VECTOR('',#1243,1.);
#1243 = DIRECTION('',(1.,0.));
#1244 = ( GEOMETRIC_REPRESENTATION_CONTEXT(2) 
PARAMETRIC_REPRESENTATION_CONTEXT() REPRESENTATION_CONTEXT('2D SPACE',''
  ) );
#1245 = FACE_BOUND('',#1246,.T.);
#1246 = EDGE_LOOP('',(#1247));
#1247 = ORIENTED_EDGE('',*,*,#1248,.F.);
#1248 = EDGE_CURVE('',#1249,#1249,#1251,.T.);
#1249 = VERTEX_POINT('',#1250);
#1250 = CARTESIAN_POINT('',(-45.5,3.048,1.2));
#1251 = SURFACE_CURVE('',#1252,(#1257,#1264),.PCURVE_S1.);
#1252 = CIRCLE('',#1253,0.5);
#1253 = AXIS2_PLACEMENT_3D('',#1254,#1255,#1256);
#1254 = CARTESIAN_POINT('',(-46.,3.048,1.2));
#1255 = DIRECTION('',(0.,0.,1.));
#1256 = DIRECTION('',(1.,0.,0.));
#1257 = PCURVE('',#100,#1258);
#1258 = DEFINITIONAL_REPRESENTATION('',(#1259),#1263);
#1259 = CIRCLE('',#1260,0.5);
#1260 = AXIS2_PLACEMENT_2D('',#1261,#1262);
#1261 = CARTESIAN_POINT('',(-46.,3.048));
#1262 = DIRECTION('',(1.,0.));
#1263 = ( GEOMETRIC_REPRESENTATION_CONTEXT(2) 
PARAMETRIC_REPRESENTATION_CONTEXT() REPRESENTATION_CONTEXT('2D SPACE',''
  ) );
#1264 = PCURVE('',#661,#1265);
#1265 = DEFINITIONAL_REPRESENTATION('',(#1266),#1270);
#1266 = LINE('',#1267,#1268);
#1267 = CARTESIAN_POINT('',(0.,0.));
#1268 = VECTOR('',#1269,1.);
#1269 = DIRECTION('',(1.,0.));
#1270 = ( GEOMETRIC_REPRESENTATION_CONTEXT(2) 
PARAMETRIC_REPRESENTATION_CONTEXT() REPRESENTATION_CONTEXT('2D SPACE',''
  ) );
#1271 = FACE_BOUND('',#1272,.T.);
#1272 = EDGE_LOOP('',(#1273));
#1273 = ORIENTED_EDGE('',*,*,#1274,.F.);
#1274 = EDGE_CURVE('',#1275,#1275,#1277,.T.);
#1275 = VERTEX_POINT('',#1276);
#1276 = CARTESIAN_POINT('',(-45.5,6.096,1.2));
#1277 = SURFACE_CURVE('',#1278,(#1283,#1290),.PCURVE_S1.);
#1278 = CIRCLE('',#1279,0.5);
#1279 = AXIS2_PLACEMENT_3D('',#1280,#1281,#1282);
#1280 = CARTESIAN_POINT('',(-46.,6.096,1.2));
#1281 = DIRECTION('',(0.,0.,1.));
#1282 = DIRECTION('',(1.,0.,0.));
#1283 = PCURVE('',#100,#1284);
#1284 = DEFINITIONAL_REPRESENTATION('',(#1285),#1289);
#1285 = CIRCLE('',#1286,0.5);
#1286 = AXIS2_PLACEMENT_2D('',#1287,#1288);
#1287 = CARTESIAN_POINT('',(-46.,6.096));
#1288 = DIRECTION('',(1.,0.));
#1289 = ( GEOMETRIC_REPRESENTATION_CONTEXT(2) 
PARAMETRIC_REPRESENTATION_CONTEXT() REPRESENTATION_CONTEXT('2D SPACE',''
  ) );
#1290 = PCURVE('',#692,#1291);
#1291 = DEFINITIONAL_REPRESENTATION('',(#1292),#1296);
#1292 = LINE('',#1293,#1294);
#1293 = CARTESIAN_POINT('',(0.,0.));
#1294 = VECTOR('',#1295,1.);
#1295 = DIRECTION('',(1.,0.));
#1296 = ( GEOMETRIC_REPRESENTATION_CONTEXT(2) 
PARAMETRIC_REPRESENTATION_CONTEXT() REPRESENTATION_CONTEXT('2D SPACE',''
  ) );
#1297 = FACE_BOUND('',#1298,.T.);
#1298 = EDGE_LOOP('',(#1299));
#1299 = ORIENTED_EDGE('',*,*,#1300,.F.);
#1300 = EDGE_CURVE('',#1301,#1301,#1303,.T.);
#1301 = VERTEX_POINT('',#1302);
#1302 = CARTESIAN_POINT('',(-45.5,9.144,1.2));
#1303 = SURFACE_CURVE('',#1304,(#1309,#1316),.PCURVE_S1.);
#1304 = CIRCLE('',#1305,0.5);
#1305 = AXIS2_PLACEMENT_3D('',#1306,#1307,#1308);
#1306 = CARTESIAN_POINT('',(-46.,9.144,1.2));
#1307 = DIRECTION('',(0.,0.,1.));
#1308 = DIRECTION('',(1.,0.,0.));
#1309 = PCURVE('',#100,#1310);
#1310 = DEFINITIONAL_REPRESENTATION('',(#1311),#1315);
#1311 = CIRCLE('',#1312,0.5);
#1312 = AXIS2_PLACEMENT_2D('',#1313,#1314);
#1313 = CARTESIAN_POINT('',(-46.,9.144));
#1314 = DIRECTION('',(1.,0.));
#1315 = ( GEOMETRIC_REPRESENTATION_CONTEXT(2) 
PARAMETRIC_REPRESENTATION_CONTEXT() REPRESENTATION_CONTEXT('2D SPACE',''
  ) );
#1316 = PCURVE('',#723,#1317);
#1317 = DEFINITIONAL_REPRESENTATION('',(#1318),#1322);
#1318 = LINE('',#1319,#1320);
#1319 = CARTESIAN_POINT('',(0.,0.));
#1320 = VECTOR('',#1321,1.);
#1321 = DIRECTION('',(1.,0.));
#1322 = ( GEOMETRIC_REPRESENTATION_CONTEXT(2) 
PARAMETRIC_REPRESENTATION_CONTEXT() REPRESENTATION_CONTEXT('2D SPACE',''
  ) );
#1323 = FACE_BOUND('',#1324,.T.);
#1324 = EDGE_LOOP('',(#1325));
#1325 = ORIENTED_EDGE('',*,*,#1326,.F.);
#1326 = EDGE_CURVE('',#1327,#1327,#1329,.T.);
#1327 = VERTEX_POINT('',#1328);
#1328 = CARTESIAN_POINT('',(-45.5,12.192,1.2));
#1329 = SURFACE_CURVE('',#1330,(#1335,#1342),.PCURVE_S1.);
#1330 = CIRCLE('',#1331,0.5);
#1331 = AXIS2_PLACEMENT_3D('',#1332,#1333,#1334);
#1332 = CARTESIAN_POINT('',(-46.,12.192,1.2));
#1333 = DIRECTION('',(0.,0.,1.));
#1334 = DIRECTION('',(1.,0.,0.));
#1335 = PCURVE('',#100,#1336);
#1336 = DEFINITIONAL_REPRESENTATION('',(#1337),#1341);
#1337 = CIRCLE('',#1338,0.5);
#1338 = AXIS2_PLACEMENT_2D('',#1339,#1340);
#1339 = CARTESIAN_POINT('',(-46.,12.192));
#1340 = DIRECTION('',(1.,0.));
#1341 = ( GEOMETRIC_REPRESENTATION_CONTEXT(2) 
PARAMETRIC_REPRESENTATION_CONTEXT() REPRESENTATION_CONTEXT('2D SPACE',''
  ) );
#1342 = PCURVE('',#754,#1343);
#1343 = DEFINITIONAL_REPRESENTATION('',(#1344),#1348);
#1344 = LINE('',#1345,#1346);
#1345 = CARTESIAN_POINT('',(0.,0.));
#1346 = VECTOR('',#1347,1.);
#1347 = DIRECTION('',(1.,0.));
#1348 = ( GEOMETRIC_REPRESENTATION_CONTEXT(2) 
PARAMETRIC_REPRESENTATION_CONTEXT() REPRESENTATION_CONTEXT('2D SPACE',''
  ) );
#1349 = FACE_BOUND('',#1350,.T.);
#1350 = EDGE_LOOP('',(#1351));
#1351 = ORIENTED_EDGE('',*,*,#1352,.F.);
#1352 = EDGE_CURVE('',#1353,#1353,#1355,.T.);
#1353 = VERTEX_POINT('',#1354);
#1354 = CARTESIAN_POINT('',(-45.5,15.24,1.2));
#1355 = SURFACE_CURVE('',#1356,(#1361,#1368),.PCURVE_S1.);
#1356 = CIRCLE('',#1357,0.5);
#1357 = AXIS2_PLACEMENT_3D('',#1358,#1359,#1360);
#1358 = CARTESIAN_POINT('',(-46.,15.24,1.2));
#1359 = DIRECTION('',(0.,0.,1.));
#1360 = DIRECTION('',(1.,0.,0.));
#1361 = PCURVE('',#100,#1362);
#1362 = DEFINITIONAL_REPRESENTATION('',(#1363),#1367);
#1363 = CIRCLE('',#1364,0.5);
#1364 = AXIS2_PLACEMENT_2D('',#1365,#1366);
#1365 = CARTESIAN_POINT('',(-46.,15.24));
#1366 = DIRECTION('',(1.,0.));
#1367 = ( GEOMETRIC_REPRESENTATION_CONTEXT(2) 
PARAMETRIC_REPRESENTATION_CONTEXT() REPRESENTATION_CONTEXT('2D SPACE',''
  ) );
#1368 = PCURVE('',#785,#1369);
#1369 = DEFINITIONAL_REPRESENTATION('',(#1370),#1374);
#1370 = LINE('',#1371,#1372);
#1371 = CARTESIAN_POINT('',(0.,0.));
#1372 = VECTOR('',#1373,1.);
#1373 = DIRECTION('',(1.,0.));
#1374 = ( GEOMETRIC_REPRESENTATION_CONTEXT(2) 
PARAMETRIC_REPRESENTATION_CONTEXT() REPRESENTATION_CONTEXT('2D SPACE',''
  ) );
#1375 = FACE_BOUND('',#1376,.T.);
#1376 = EDGE_LOOP('',(#1377));
#1377 = ORIENTED_EDGE('',*,*,#1378,.F.);
#1378 = EDGE_CURVE('',#1379,#1379,#1381,.T.);
#1379 = VERTEX_POINT('',#1380);
#1380 = CARTESIAN_POINT('',(-44.,25.,1.2));
#1381 = SURFACE_CURVE('',#1382,(#1387,#1394),.PCURVE_S1.);
#1382 = CIRCLE('',#1383,1.);
#1383 = AXIS2_PLACEMENT_3D('',#1384,#1385,#1386);
#1384 = CARTESIAN_POINT('',(-45.,25.,1.2));
#1385 = DIRECTION('',(0.,0.,1.));
#1386 = DIRECTION('',(1.,0.,0.));
#1387 = PCURVE('',#100,#1388);
#1388 = DEFINITIONAL_REPRESENTATION('',(#1389),#1393);
#1389 = CIRCLE('',#1390,1.);
#1390 = AXIS2_PLACEMENT_2D('',#1391,#1392);
#1391 = CARTESIAN_POINT('',(-45.,25.));
#1392 = DIRECTION('',(1.,0.));
#1393 = ( GEOMETRIC_REPRESENTATION_CONTEXT(2) 
PARAMETRIC_REPRESENTATION_CONTEXT() REPRESENTATION_CONTEXT('2D SPACE',''
  ) );
#1394 = PCURVE('',#816,#1395);
#1395 = DEFINITIONAL_REPRESENTATION('',(#1396),#1400);
#1396 = LINE('',#1397,#1398);
#1397 = CARTESIAN_POINT('',(0.,0.));
#1398 = VECTOR('',#1399,1.);
#1399 = DIRECTION('',(1.,0.));
#1400 = ( GEOMETRIC_REPRESENTATION_CONTEXT(2) 
PARAMETRIC_REPRESENTATION_CONTEXT() REPRESENTATION_CONTEXT('2D SPACE',''
  ) );
#1401 = ADVANCED_FACE('',(#1402,#1506,#1532),#156,.T.);
#1402 = FACE_BOUND('',#1403,.T.);
#1403 = EDGE_LOOP('',(#1404,#1405,#1433,#1456,#1484,#1505));
#1404 = ORIENTED_EDGE('',*,*,#140,.F.);
#1405 = ORIENTED_EDGE('',*,*,#1406,.T.);
#1406 = EDGE_CURVE('',#113,#1407,#1409,.T.);
#1407 = VERTEX_POINT('',#1408);
#1408 = CARTESIAN_POINT('',(42.5,-27.5,1.2));
#1409 = SURFACE_CURVE('',#1410,(#1414,#1421),.PCURVE_S1.);
#1410 = LINE('',#1411,#1412);
#1411 = CARTESIAN_POINT('',(42.5,27.5,1.2));
#1412 = VECTOR('',#1413,1.);
#1413 = DIRECTION('',(0.,-1.,0.));
#1414 = PCURVE('',#156,#1415);
#1415 = DEFINITIONAL_REPRESENTATION('',(#1416),#1420);
#1416 = LINE('',#1417,#1418);
#1417 = CARTESIAN_POINT('',(42.5,27.5));
#1418 = VECTOR('',#1419,1.);
#1419 = DIRECTION('',(0.,-1.));
#1420 = ( GEOMETRIC_REPRESENTATION_CONTEXT(2) 
PARAMETRIC_REPRESENTATION_CONTEXT() REPRESENTATION_CONTEXT('2D SPACE',''
  ) );
#1421 = PCURVE('',#1422,#1427);
#1422 = PLANE('',#1423);
#1423 = AXIS2_PLACEMENT_3D('',#1424,#1425,#1426);
#1424 = CARTESIAN_POINT('',(42.5,27.5,1.2));
#1425 = DIRECTION('',(1.,0.,0.));
#1426 = DIRECTION('',(0.,-1.,0.));
#1427 = DEFINITIONAL_REPRESENTATION('',(#1428),#1432);
#1428 = LINE('',#1429,#1430);
#1429 = CARTESIAN_POINT('',(0.,0.));
#1430 = VECTOR('',#1431,1.);
#1431 = DIRECTION('',(1.,0.));
#1432 = ( GEOMETRIC_REPRESENTATION_CONTEXT(2) 
PARAMETRIC_REPRESENTATION_CONTEXT() REPRESENTATION_CONTEXT('2D SPACE',''
  ) );
#1433 = ORIENTED_EDGE('',*,*,#1434,.F.);
#1434 = EDGE_CURVE('',#1435,#1407,#1437,.T.);
#1435 = VERTEX_POINT('',#1436);
#1436 = CARTESIAN_POINT('',(45.,-27.5,1.2));
#1437 = SURFACE_CURVE('',#1438,(#1442,#1449),.PCURVE_S1.);
#1438 = LINE('',#1439,#1440);
#1439 = CARTESIAN_POINT('',(47.5,-27.5,1.2));
#1440 = VECTOR('',#1441,1.);
#1441 = DIRECTION('',(-1.,0.,0.));
#1442 = PCURVE('',#156,#1443);
#1443 = DEFINITIONAL_REPRESENTATION('',(#1444),#1448);
#1444 = LINE('',#1445,#1446);
#1445 = CARTESIAN_POINT('',(47.5,-27.5));
#1446 = VECTOR('',#1447,1.);
#1447 = DIRECTION('',(-1.,0.));
#1448 = ( GEOMETRIC_REPRESENTATION_CONTEXT(2) 
PARAMETRIC_REPRESENTATION_CONTEXT() REPRESENTATION_CONTEXT('2D SPACE',''
  ) );
#1449 = PCURVE('',#295,#1450);
#1450 = DEFINITIONAL_REPRESENTATION('',(#1451),#1455);
#1451 = LINE('',#1452,#1453);
#1452 = CARTESIAN_POINT('',(0.,-1.2));
#1453 = VECTOR('',#1454,1.);
#1454 = DIRECTION('',(1.,0.));
#1455 = ( GEOMETRIC_REPRESENTATION_CONTEXT(2) 
PARAMETRIC_REPRESENTATION_CONTEXT() REPRESENTATION_CONTEXT('2D SPACE',''
  ) );
#1456 = ORIENTED_EDGE('',*,*,#1457,.F.);
#1457 = EDGE_CURVE('',#1458,#1435,#1460,.T.);
#1458 = VERTEX_POINT('',#1459);
#1459 = CARTESIAN_POINT('',(47.5,-25.,1.2));
#1460 = SURFACE_CURVE('',#1461,(#1466,#1477),.PCURVE_S1.);
#1461 = CIRCLE('',#1462,2.5);
#1462 = AXIS2_PLACEMENT_3D('',#1463,#1464,#1465);
#1463 = CARTESIAN_POINT('',(45.,-25.,1.2));
#1464 = DIRECTION('',(-0.,-0.,-1.));
#1465 = DIRECTION('',(0.,-1.,0.));
#1466 = PCURVE('',#156,#1467);
#1467 = DEFINITIONAL_REPRESENTATION('',(#1468),#1476);
#1468 = ( BOUNDED_CURVE() B_SPLINE_CURVE(2,(#1469,#1470,#1471,#1472,
#1473,#1474,#1475),.UNSPECIFIED.,.T.,.F.) B_SPLINE_CURVE_WITH_KNOTS((1,2
    ,2,2,2,1),(-2.094395102393,0.,2.094395102393,4.188790204786,
6.28318530718,8.377580409573),.UNSPECIFIED.) CURVE() 
GEOMETRIC_REPRESENTATION_ITEM() RATIONAL_B_SPLINE_CURVE((1.,0.5,1.,0.5,
1.,0.5,1.)) REPRESENTATION_ITEM('') );
#1469 = CARTESIAN_POINT('',(45.,-27.5));
#1470 = CARTESIAN_POINT('',(40.669872981078,-27.5));
#1471 = CARTESIAN_POINT('',(42.834936490539,-23.75));
#1472 = CARTESIAN_POINT('',(45.,-20.));
#1473 = CARTESIAN_POINT('',(47.165063509461,-23.75));
#1474 = CARTESIAN_POINT('',(49.330127018922,-27.5));
#1475 = CARTESIAN_POINT('',(45.,-27.5));
#1476 = ( GEOMETRIC_REPRESENTATION_CONTEXT(2) 
PARAMETRIC_REPRESENTATION_CONTEXT() REPRESENTATION_CONTEXT('2D SPACE',''
  ) );
#1477 = PCURVE('',#328,#1478);
#1478 = DEFINITIONAL_REPRESENTATION('',(#1479),#1483);
#1479 = LINE('',#1480,#1481);
#1480 = CARTESIAN_POINT('',(4.712388980385,1.2));
#1481 = VECTOR('',#1482,1.);
#1482 = DIRECTION('',(-1.,0.));
#1483 = ( GEOMETRIC_REPRESENTATION_CONTEXT(2) 
PARAMETRIC_REPRESENTATION_CONTEXT() REPRESENTATION_CONTEXT('2D SPACE',''
  ) );
#1484 = ORIENTED_EDGE('',*,*,#1485,.F.);
#1485 = EDGE_CURVE('',#914,#1458,#1486,.T.);
#1486 = SURFACE_CURVE('',#1487,(#1491,#1498),.PCURVE_S1.);
#1487 = LINE('',#1488,#1489);
#1488 = CARTESIAN_POINT('',(47.5,27.5,1.2));
#1489 = VECTOR('',#1490,1.);
#1490 = DIRECTION('',(0.,-1.,0.));
#1491 = PCURVE('',#156,#1492);
#1492 = DEFINITIONAL_REPRESENTATION('',(#1493),#1497);
#1493 = LINE('',#1494,#1495);
#1494 = CARTESIAN_POINT('',(47.5,27.5));
#1495 = VECTOR('',#1496,1.);
#1496 = DIRECTION('',(0.,-1.));
#1497 = ( GEOMETRIC_REPRESENTATION_CONTEXT(2) 
PARAMETRIC_REPRESENTATION_CONTEXT() REPRESENTATION_CONTEXT('2D SPACE',''
  ) );
#1498 = PCURVE('',#356,#1499);
#1499 = DEFINITIONAL_REPRESENTATION('',(#1500),#1504);
#1500 = LINE('',#1501,#1502);
#1501 = CARTESIAN_POINT('',(0.,-1.2));
#1502 = VECTOR('',#1503,1.);
#1503 = DIRECTION('',(1.,0.));
#1504 = ( GEOMETRIC_REPRESENTATION_CONTEXT(2) 
PARAMETRIC_REPRESENTATION_CONTEXT() REPRESENTATION_CONTEXT('2D SPACE',''
  ) );
#1505 = ORIENTED_EDGE('',*,*,#936,.F.);
#1506 = FACE_BOUND('',#1507,.T.);
#1507 = EDGE_LOOP('',(#1508));
#1508 = ORIENTED_EDGE('',*,*,#1509,.F.);
#1509 = EDGE_CURVE('',#1510,#1510,#1512,.T.);
#1510 = VERTEX_POINT('',#1511);
#1511 = CARTESIAN_POINT('',(46.,-25.,1.2));
#1512 = SURFACE_CURVE('',#1513,(#1518,#1525),.PCURVE_S1.);
#1513 = CIRCLE('',#1514,1.);
#1514 = AXIS2_PLACEMENT_3D('',#1515,#1516,#1517);
#1515 = CARTESIAN_POINT('',(45.,-25.,1.2));
#1516 = DIRECTION('',(0.,0.,1.));
#1517 = DIRECTION('',(1.,0.,0.));
#1518 = PCURVE('',#156,#1519);
#1519 = DEFINITIONAL_REPRESENTATION('',(#1520),#1524);
#1520 = CIRCLE('',#1521,1.);
#1521 = AXIS2_PLACEMENT_2D('',#1522,#1523);
#1522 = CARTESIAN_POINT('',(45.,-25.));
#1523 = DIRECTION('',(1.,0.));
#1524 = ( GEOMETRIC_REPRESENTATION_CONTEXT(2) 
PARAMETRIC_REPRESENTATION_CONTEXT() REPRESENTATION_CONTEXT('2D SPACE',''
  ) );
#1525 = PCURVE('',#599,#1526);
#1526 = DEFINITIONAL_REPRESENTATION('',(#1527),#1531);
#1527 = LINE('',#1528,#1529);
#1528 = CARTESIAN_POINT('',(0.,0.));
#1529 = VECTOR('',#1530,1.);
#1530 = DIRECTION('',(1.,0.));
#1531 = ( GEOMETRIC_REPRESENTATION_CONTEXT(2) 
PARAMETRIC_REPRESENTATION_CONTEXT() REPRESENTATION_CONTEXT('2D SPACE',''
  ) );
#1532 = FACE_BOUND('',#1533,.T.);
#1533 = EDGE_LOOP('',(#1534));
#1534 = ORIENTED_EDGE('',*,*,#1535,.F.);
#1535 = EDGE_CURVE('',#1536,#1536,#1538,.T.);
#1536 = VERTEX_POINT('',#1537);
#1537 = CARTESIAN_POINT('',(46.,25.,1.2));
#1538 = SURFACE_CURVE('',#1539,(#1544,#1551),.PCURVE_S1.);
#1539 = CIRCLE('',#1540,1.);
#1540 = AXIS2_PLACEMENT_3D('',#1541,#1542,#1543);
#1541 = CARTESIAN_POINT('',(45.,25.,1.2));
#1542 = DIRECTION('',(0.,0.,1.));
#1543 = DIRECTION('',(1.,0.,0.));
#1544 = PCURVE('',#156,#1545);
#1545 = DEFINITIONAL_REPRESENTATION('',(#1546),#1550);
#1546 = CIRCLE('',#1547,1.);
#1547 = AXIS2_PLACEMENT_2D('',#1548,#1549);
#1548 = CARTESIAN_POINT('',(45.,25.));
#1549 = DIRECTION('',(1.,0.));
#1550 = ( GEOMETRIC_REPRESENTATION_CONTEXT(2) 
PARAMETRIC_REPRESENTATION_CONTEXT() REPRESENTATION_CONTEXT('2D SPACE',''
  ) );
#1551 = PCURVE('',#847,#1552);
#1552 = DEFINITIONAL_REPRESENTATION('',(#1553),#1557);
#1553 = LINE('',#1554,#1555);
#1554 = CARTESIAN_POINT('',(0.,0.));
#1555 = VECTOR('',#1556,1.);
#1556 = DIRECTION('',(1.,0.));
#1557 = ( GEOMETRIC_REPRESENTATION_CONTEXT(2) 
PARAMETRIC_REPRESENTATION_CONTEXT() REPRESENTATION_CONTEXT('2D SPACE',''
  ) );
#1558 = ADVANCED_FACE('',(#1559),#128,.T.);
#1559 = FACE_BOUND('',#1560,.T.);
#1560 = EDGE_LOOP('',(#1561,#1584,#1612,#1633));
#1561 = ORIENTED_EDGE('',*,*,#1562,.T.);
#1562 = EDGE_CURVE('',#85,#1563,#1565,.T.);
#1563 = VERTEX_POINT('',#1564);
#1564 = CARTESIAN_POINT('',(-42.5,27.5,5.2));
#1565 = SURFACE_CURVE('',#1566,(#1570,#1577),.PCURVE_S1.);
#1566 = LINE('',#1567,#1568);
#1567 = CARTESIAN_POINT('',(-42.5,27.5,1.2));
#1568 = VECTOR('',#1569,1.);
#1569 = DIRECTION('',(0.,0.,1.));
#1570 = PCURVE('',#128,#1571);
#1571 = DEFINITIONAL_REPRESENTATION('',(#1572),#1576);
#1572 = LINE('',#1573,#1574);
#1573 = CARTESIAN_POINT('',(0.,0.));
#1574 = VECTOR('',#1575,1.);
#1575 = DIRECTION('',(0.,-1.));
#1576 = ( GEOMETRIC_REPRESENTATION_CONTEXT(2) 
PARAMETRIC_REPRESENTATION_CONTEXT() REPRESENTATION_CONTEXT('2D SPACE',''
  ) );
#1577 = PCURVE('',#1052,#1578);
#1578 = DEFINITIONAL_REPRESENTATION('',(#1579),#1583);
#1579 = LINE('',#1580,#1581);
#1580 = CARTESIAN_POINT('',(55.,0.));
#1581 = VECTOR('',#1582,1.);
#1582 = DIRECTION('',(0.,-1.));
#1583 = ( GEOMETRIC_REPRESENTATION_CONTEXT(2) 
PARAMETRIC_REPRESENTATION_CONTEXT() REPRESENTATION_CONTEXT('2D SPACE',''
  ) );
#1584 = ORIENTED_EDGE('',*,*,#1585,.T.);
#1585 = EDGE_CURVE('',#1563,#1586,#1588,.T.);
#1586 = VERTEX_POINT('',#1587);
#1587 = CARTESIAN_POINT('',(42.5,27.5,5.2));
#1588 = SURFACE_CURVE('',#1589,(#1593,#1600),.PCURVE_S1.);
#1589 = LINE('',#1590,#1591);
#1590 = CARTESIAN_POINT('',(-42.5,27.5,5.2));
#1591 = VECTOR('',#1592,1.);
#1592 = DIRECTION('',(1.,0.,0.));
#1593 = PCURVE('',#128,#1594);
#1594 = DEFINITIONAL_REPRESENTATION('',(#1595),#1599);
#1595 = LINE('',#1596,#1597);
#1596 = CARTESIAN_POINT('',(0.,-4.));
#1597 = VECTOR('',#1598,1.);
#1598 = DIRECTION('',(1.,0.));
#1599 = ( GEOMETRIC_REPRESENTATION_CONTEXT(2) 
PARAMETRIC_REPRESENTATION_CONTEXT() REPRESENTATION_CONTEXT('2D SPACE',''
  ) );
#1600 = PCURVE('',#1601,#1606);
#1601 = PLANE('',#1602);
#1602 = AXIS2_PLACEMENT_3D('',#1603,#1604,#1605);
#1603 = CARTESIAN_POINT('',(0.,0.,5.2));
#1604 = DIRECTION('',(0.,0.,1.));
#1605 = DIRECTION('',(1.,0.,0.));
#1606 = DEFINITIONAL_REPRESENTATION('',(#1607),#1611);
#1607 = LINE('',#1608,#1609);
#1608 = CARTESIAN_POINT('',(-42.5,27.5));
#1609 = VECTOR('',#1610,1.);
#1610 = DIRECTION('',(1.,0.));
#1611 = ( GEOMETRIC_REPRESENTATION_CONTEXT(2) 
PARAMETRIC_REPRESENTATION_CONTEXT() REPRESENTATION_CONTEXT('2D SPACE',''
  ) );
#1612 = ORIENTED_EDGE('',*,*,#1613,.F.);
#1613 = EDGE_CURVE('',#113,#1586,#1614,.T.);
#1614 = SURFACE_CURVE('',#1615,(#1619,#1626),.PCURVE_S1.);
#1615 = LINE('',#1616,#1617);
#1616 = CARTESIAN_POINT('',(42.5,27.5,1.2));
#1617 = VECTOR('',#1618,1.);
#1618 = DIRECTION('',(0.,0.,1.));
#1619 = PCURVE('',#128,#1620);
#1620 = DEFINITIONAL_REPRESENTATION('',(#1621),#1625);
#1621 = LINE('',#1622,#1623);
#1622 = CARTESIAN_POINT('',(85.,0.));
#1623 = VECTOR('',#1624,1.);
#1624 = DIRECTION('',(0.,-1.));
#1625 = ( GEOMETRIC_REPRESENTATION_CONTEXT(2) 
PARAMETRIC_REPRESENTATION_CONTEXT() REPRESENTATION_CONTEXT('2D SPACE',''
  ) );
#1626 = PCURVE('',#1422,#1627);
#1627 = DEFINITIONAL_REPRESENTATION('',(#1628),#1632);
#1628 = LINE('',#1629,#1630);
#1629 = CARTESIAN_POINT('',(0.,0.));
#1630 = VECTOR('',#1631,1.);
#1631 = DIRECTION('',(0.,-1.));
#1632 = ( GEOMETRIC_REPRESENTATION_CONTEXT(2) 
PARAMETRIC_REPRESENTATION_CONTEXT() REPRESENTATION_CONTEXT('2D SPACE',''
  ) );
#1633 = ORIENTED_EDGE('',*,*,#112,.F.);
#1634 = ADVANCED_FACE('',(#1635),#238,.T.);
#1635 = FACE_BOUND('',#1636,.T.);
#1636 = EDGE_LOOP('',(#1637,#1638,#1659,#1660));
#1637 = ORIENTED_EDGE('',*,*,#222,.F.);
#1638 = ORIENTED_EDGE('',*,*,#1639,.T.);
#1639 = EDGE_CURVE('',#223,#969,#1640,.T.);
#1640 = SURFACE_CURVE('',#1641,(#1645,#1652),.PCURVE_S1.);
#1641 = LINE('',#1642,#1643);
#1642 = CARTESIAN_POINT('',(-47.5,-25.,0.));
#1643 = VECTOR('',#1644,1.);
#1644 = DIRECTION('',(0.,0.,1.));
#1645 = PCURVE('',#238,#1646);
#1646 = DEFINITIONAL_REPRESENTATION('',(#1647),#1651);
#1647 = LINE('',#1648,#1649);
#1648 = CARTESIAN_POINT('',(2.5,0.));
#1649 = VECTOR('',#1650,1.);
#1650 = DIRECTION('',(0.,-1.));
#1651 = ( GEOMETRIC_REPRESENTATION_CONTEXT(2) 
PARAMETRIC_REPRESENTATION_CONTEXT() REPRESENTATION_CONTEXT('2D SPACE',''
  ) );
#1652 = PCURVE('',#267,#1653);
#1653 = DEFINITIONAL_REPRESENTATION('',(#1654),#1658);
#1654 = LINE('',#1655,#1656);
#1655 = CARTESIAN_POINT('',(0.,0.));
#1656 = VECTOR('',#1657,1.);
#1657 = DIRECTION('',(0.,1.));
#1658 = ( GEOMETRIC_REPRESENTATION_CONTEXT(2) 
PARAMETRIC_REPRESENTATION_CONTEXT() REPRESENTATION_CONTEXT('2D SPACE',''
  ) );
#1659 = ORIENTED_EDGE('',*,*,#968,.T.);
#1660 = ORIENTED_EDGE('',*,*,#863,.F.);
#1661 = ADVANCED_FACE('',(#1662),#356,.T.);
#1662 = FACE_BOUND('',#1663,.T.);
#1663 = EDGE_LOOP('',(#1664,#1665,#1666,#1667));
#1664 = ORIENTED_EDGE('',*,*,#340,.F.);
#1665 = ORIENTED_EDGE('',*,*,#913,.T.);
#1666 = ORIENTED_EDGE('',*,*,#1485,.T.);
#1667 = ORIENTED_EDGE('',*,*,#1668,.F.);
#1668 = EDGE_CURVE('',#308,#1458,#1669,.T.);
#1669 = SURFACE_CURVE('',#1670,(#1674,#1681),.PCURVE_S1.);
#1670 = LINE('',#1671,#1672);
#1671 = CARTESIAN_POINT('',(47.5,-25.,0.));
#1672 = VECTOR('',#1673,1.);
#1673 = DIRECTION('',(0.,0.,1.));
#1674 = PCURVE('',#356,#1675);
#1675 = DEFINITIONAL_REPRESENTATION('',(#1676),#1680);
#1676 = LINE('',#1677,#1678);
#1677 = CARTESIAN_POINT('',(52.5,0.));
#1678 = VECTOR('',#1679,1.);
#1679 = DIRECTION('',(0.,-1.));
#1680 = ( GEOMETRIC_REPRESENTATION_CONTEXT(2) 
PARAMETRIC_REPRESENTATION_CONTEXT() REPRESENTATION_CONTEXT('2D SPACE',''
  ) );
#1681 = PCURVE('',#328,#1682);
#1682 = DEFINITIONAL_REPRESENTATION('',(#1683),#1687);
#1683 = LINE('',#1684,#1685);
#1684 = CARTESIAN_POINT('',(-0.,0.));
#1685 = VECTOR('',#1686,1.);
#1686 = DIRECTION('',(-0.,1.));
#1687 = ( GEOMETRIC_REPRESENTATION_CONTEXT(2) 
PARAMETRIC_REPRESENTATION_CONTEXT() REPRESENTATION_CONTEXT('2D SPACE',''
  ) );
#1688 = ADVANCED_FACE('',(#1689),#267,.T.);
#1689 = FACE_BOUND('',#1690,.T.);
#1690 = EDGE_LOOP('',(#1691,#1692,#1713,#1714));
#1691 = ORIENTED_EDGE('',*,*,#250,.T.);
#1692 = ORIENTED_EDGE('',*,*,#1693,.T.);
#1693 = EDGE_CURVE('',#251,#992,#1694,.T.);
#1694 = SURFACE_CURVE('',#1695,(#1699,#1706),.PCURVE_S1.);
#1695 = LINE('',#1696,#1697);
#1696 = CARTESIAN_POINT('',(-45.,-27.5,0.));
#1697 = VECTOR('',#1698,1.);
#1698 = DIRECTION('',(0.,0.,1.));
#1699 = PCURVE('',#267,#1700);
#1700 = DEFINITIONAL_REPRESENTATION('',(#1701),#1705);
#1701 = LINE('',#1702,#1703);
#1702 = CARTESIAN_POINT('',(1.570796326795,0.));
#1703 = VECTOR('',#1704,1.);
#1704 = DIRECTION('',(0.,1.));
#1705 = ( GEOMETRIC_REPRESENTATION_CONTEXT(2) 
PARAMETRIC_REPRESENTATION_CONTEXT() REPRESENTATION_CONTEXT('2D SPACE',''
  ) );
#1706 = PCURVE('',#295,#1707);
#1707 = DEFINITIONAL_REPRESENTATION('',(#1708),#1712);
#1708 = LINE('',#1709,#1710);
#1709 = CARTESIAN_POINT('',(92.5,0.));
#1710 = VECTOR('',#1711,1.);
#1711 = DIRECTION('',(0.,-1.));
#1712 = ( GEOMETRIC_REPRESENTATION_CONTEXT(2) 
PARAMETRIC_REPRESENTATION_CONTEXT() REPRESENTATION_CONTEXT('2D SPACE',''
  ) );
#1713 = ORIENTED_EDGE('',*,*,#991,.F.);
#1714 = ORIENTED_EDGE('',*,*,#1639,.F.);
#1715 = ADVANCED_FACE('',(#1716),#328,.T.);
#1716 = FACE_BOUND('',#1717,.F.);
#1717 = EDGE_LOOP('',(#1718,#1719,#1740,#1741));
#1718 = ORIENTED_EDGE('',*,*,#307,.T.);
#1719 = ORIENTED_EDGE('',*,*,#1720,.T.);
#1720 = EDGE_CURVE('',#280,#1435,#1721,.T.);
#1721 = SURFACE_CURVE('',#1722,(#1726,#1733),.PCURVE_S1.);
#1722 = LINE('',#1723,#1724);
#1723 = CARTESIAN_POINT('',(45.,-27.5,0.));
#1724 = VECTOR('',#1725,1.);
#1725 = DIRECTION('',(0.,0.,1.));
#1726 = PCURVE('',#328,#1727);
#1727 = DEFINITIONAL_REPRESENTATION('',(#1728),#1732);
#1728 = LINE('',#1729,#1730);
#1729 = CARTESIAN_POINT('',(-1.570796326795,0.));
#1730 = VECTOR('',#1731,1.);
#1731 = DIRECTION('',(-0.,1.));
#1732 = ( GEOMETRIC_REPRESENTATION_CONTEXT(2) 
PARAMETRIC_REPRESENTATION_CONTEXT() REPRESENTATION_CONTEXT('2D SPACE',''
  ) );
#1733 = PCURVE('',#295,#1734);
#1734 = DEFINITIONAL_REPRESENTATION('',(#1735),#1739);
#1735 = LINE('',#1736,#1737);
#1736 = CARTESIAN_POINT('',(2.5,0.));
#1737 = VECTOR('',#1738,1.);
#1738 = DIRECTION('',(0.,-1.));
#1739 = ( GEOMETRIC_REPRESENTATION_CONTEXT(2) 
PARAMETRIC_REPRESENTATION_CONTEXT() REPRESENTATION_CONTEXT('2D SPACE',''
  ) );
#1740 = ORIENTED_EDGE('',*,*,#1457,.F.);
#1741 = ORIENTED_EDGE('',*,*,#1668,.F.);
#1742 = ADVANCED_FACE('',(#1743),#295,.T.);
#1743 = FACE_BOUND('',#1744,.T.);
#1744 = EDGE_LOOP('',(#1745,#1746,#1747,#1748,#1774,#1775));
#1745 = ORIENTED_EDGE('',*,*,#279,.F.);
#1746 = ORIENTED_EDGE('',*,*,#1720,.T.);
#1747 = ORIENTED_EDGE('',*,*,#1434,.T.);
#1748 = ORIENTED_EDGE('',*,*,#1749,.T.);
#1749 = EDGE_CURVE('',#1407,#1016,#1750,.T.);
#1750 = SURFACE_CURVE('',#1751,(#1755,#1762),.PCURVE_S1.);
#1751 = LINE('',#1752,#1753);
#1752 = CARTESIAN_POINT('',(42.5,-27.5,1.2));
#1753 = VECTOR('',#1754,1.);
#1754 = DIRECTION('',(-1.,0.,0.));
#1755 = PCURVE('',#295,#1756);
#1756 = DEFINITIONAL_REPRESENTATION('',(#1757),#1761);
#1757 = LINE('',#1758,#1759);
#1758 = CARTESIAN_POINT('',(5.,-1.2));
#1759 = VECTOR('',#1760,1.);
#1760 = DIRECTION('',(1.,0.));
#1761 = ( GEOMETRIC_REPRESENTATION_CONTEXT(2) 
PARAMETRIC_REPRESENTATION_CONTEXT() REPRESENTATION_CONTEXT('2D SPACE',''
  ) );
#1762 = PCURVE('',#1763,#1768);
#1763 = PLANE('',#1764);
#1764 = AXIS2_PLACEMENT_3D('',#1765,#1766,#1767);
#1765 = CARTESIAN_POINT('',(42.5,-27.5,1.2));
#1766 = DIRECTION('',(0.,-1.,0.));
#1767 = DIRECTION('',(-1.,0.,0.));
#1768 = DEFINITIONAL_REPRESENTATION('',(#1769),#1773);
#1769 = LINE('',#1770,#1771);
#1770 = CARTESIAN_POINT('',(0.,-0.));
#1771 = VECTOR('',#1772,1.);
#1772 = DIRECTION('',(1.,0.));
#1773 = ( GEOMETRIC_REPRESENTATION_CONTEXT(2) 
PARAMETRIC_REPRESENTATION_CONTEXT() REPRESENTATION_CONTEXT('2D SPACE',''
  ) );
#1774 = ORIENTED_EDGE('',*,*,#1015,.T.);
#1775 = ORIENTED_EDGE('',*,*,#1693,.F.);
#1776 = ADVANCED_FACE('',(#1777),#413,.F.);
#1777 = FACE_BOUND('',#1778,.F.);
#1778 = EDGE_LOOP('',(#1779,#1780,#1801,#1802));
#1779 = ORIENTED_EDGE('',*,*,#1196,.F.);
#1780 = ORIENTED_EDGE('',*,*,#1781,.T.);
#1781 = EDGE_CURVE('',#1197,#397,#1782,.T.);
#1782 = SEAM_CURVE('',#1783,(#1787,#1794),.PCURVE_S1.);
#1783 = LINE('',#1784,#1785);
#1784 = CARTESIAN_POINT('',(-44.,-25.,1.2));
#1785 = VECTOR('',#1786,1.);
#1786 = DIRECTION('',(-0.,-0.,-1.));
#1787 = PCURVE('',#413,#1788);
#1788 = DEFINITIONAL_REPRESENTATION('',(#1789),#1793);
#1789 = LINE('',#1790,#1791);
#1790 = CARTESIAN_POINT('',(6.28318530718,0.));
#1791 = VECTOR('',#1792,1.);
#1792 = DIRECTION('',(0.,-1.));
#1793 = ( GEOMETRIC_REPRESENTATION_CONTEXT(2) 
PARAMETRIC_REPRESENTATION_CONTEXT() REPRESENTATION_CONTEXT('2D SPACE',''
  ) );
#1794 = PCURVE('',#413,#1795);
#1795 = DEFINITIONAL_REPRESENTATION('',(#1796),#1800);
#1796 = LINE('',#1797,#1798);
#1797 = CARTESIAN_POINT('',(0.,0.));
#1798 = VECTOR('',#1799,1.);
#1799 = DIRECTION('',(0.,-1.));
#1800 = ( GEOMETRIC_REPRESENTATION_CONTEXT(2) 
PARAMETRIC_REPRESENTATION_CONTEXT() REPRESENTATION_CONTEXT('2D SPACE',''
  ) );
#1801 = ORIENTED_EDGE('',*,*,#396,.T.);
#1802 = ORIENTED_EDGE('',*,*,#1781,.F.);
#1803 = ADVANCED_FACE('',(#1804),#444,.F.);
#1804 = FACE_BOUND('',#1805,.F.);
#1805 = EDGE_LOOP('',(#1806,#1807,#1828,#1829));
#1806 = ORIENTED_EDGE('',*,*,#1066,.F.);
#1807 = ORIENTED_EDGE('',*,*,#1808,.T.);
#1808 = EDGE_CURVE('',#1067,#428,#1809,.T.);
#1809 = SEAM_CURVE('',#1810,(#1814,#1821),.PCURVE_S1.);
#1810 = LINE('',#1811,#1812);
#1811 = CARTESIAN_POINT('',(-45.5,-15.24,1.2));
#1812 = VECTOR('',#1813,1.);
#1813 = DIRECTION('',(-0.,-0.,-1.));
#1814 = PCURVE('',#444,#1815);
#1815 = DEFINITIONAL_REPRESENTATION('',(#1816),#1820);
#1816 = LINE('',#1817,#1818);
#1817 = CARTESIAN_POINT('',(6.28318530718,0.));
#1818 = VECTOR('',#1819,1.);
#1819 = DIRECTION('',(0.,-1.));
#1820 = ( GEOMETRIC_REPRESENTATION_CONTEXT(2) 
PARAMETRIC_REPRESENTATION_CONTEXT() REPRESENTATION_CONTEXT('2D SPACE',''
  ) );
#1821 = PCURVE('',#444,#1822);
#1822 = DEFINITIONAL_REPRESENTATION('',(#1823),#1827);
#1823 = LINE('',#1824,#1825);
#1824 = CARTESIAN_POINT('',(0.,0.));
#1825 = VECTOR('',#1826,1.);
#1826 = DIRECTION('',(0.,-1.));
#1827 = ( GEOMETRIC_REPRESENTATION_CONTEXT(2) 
PARAMETRIC_REPRESENTATION_CONTEXT() REPRESENTATION_CONTEXT('2D SPACE',''
  ) );
#1828 = ORIENTED_EDGE('',*,*,#427,.T.);
#1829 = ORIENTED_EDGE('',*,*,#1808,.F.);
#1830 = ADVANCED_FACE('',(#1831),#475,.F.);
#1831 = FACE_BOUND('',#1832,.F.);
#1832 = EDGE_LOOP('',(#1833,#1834,#1855,#1856));
#1833 = ORIENTED_EDGE('',*,*,#1092,.F.);
#1834 = ORIENTED_EDGE('',*,*,#1835,.T.);
#1835 = EDGE_CURVE('',#1093,#459,#1836,.T.);
#1836 = SEAM_CURVE('',#1837,(#1841,#1848),.PCURVE_S1.);
#1837 = LINE('',#1838,#1839);
#1838 = CARTESIAN_POINT('',(-45.5,-12.192,1.2));
#1839 = VECTOR('',#1840,1.);
#1840 = DIRECTION('',(-0.,-0.,-1.));
#1841 = PCURVE('',#475,#1842);
#1842 = DEFINITIONAL_REPRESENTATION('',(#1843),#1847);
#1843 = LINE('',#1844,#1845);
#1844 = CARTESIAN_POINT('',(6.28318530718,0.));
#1845 = VECTOR('',#1846,1.);
#1846 = DIRECTION('',(0.,-1.));
#1847 = ( GEOMETRIC_REPRESENTATION_CONTEXT(2) 
PARAMETRIC_REPRESENTATION_CONTEXT() REPRESENTATION_CONTEXT('2D SPACE',''
  ) );
#1848 = PCURVE('',#475,#1849);
#1849 = DEFINITIONAL_REPRESENTATION('',(#1850),#1854);
#1850 = LINE('',#1851,#1852);
#1851 = CARTESIAN_POINT('',(0.,0.));
#1852 = VECTOR('',#1853,1.);
#1853 = DIRECTION('',(0.,-1.));
#1854 = ( GEOMETRIC_REPRESENTATION_CONTEXT(2) 
PARAMETRIC_REPRESENTATION_CONTEXT() REPRESENTATION_CONTEXT('2D SPACE',''
  ) );
#1855 = ORIENTED_EDGE('',*,*,#458,.T.);
#1856 = ORIENTED_EDGE('',*,*,#1835,.F.);
#1857 = ADVANCED_FACE('',(#1858),#506,.F.);
#1858 = FACE_BOUND('',#1859,.F.);
#1859 = EDGE_LOOP('',(#1860,#1861,#1882,#1883));
#1860 = ORIENTED_EDGE('',*,*,#1118,.F.);
#1861 = ORIENTED_EDGE('',*,*,#1862,.T.);
#1862 = EDGE_CURVE('',#1119,#490,#1863,.T.);
#1863 = SEAM_CURVE('',#1864,(#1868,#1875),.PCURVE_S1.);
#1864 = LINE('',#1865,#1866);
#1865 = CARTESIAN_POINT('',(-45.5,-9.144,1.2));
#1866 = VECTOR('',#1867,1.);
#1867 = DIRECTION('',(-0.,-0.,-1.));
#1868 = PCURVE('',#506,#1869);
#1869 = DEFINITIONAL_REPRESENTATION('',(#1870),#1874);
#1870 = LINE('',#1871,#1872);
#1871 = CARTESIAN_POINT('',(6.28318530718,0.));
#1872 = VECTOR('',#1873,1.);
#1873 = DIRECTION('',(0.,-1.));
#1874 = ( GEOMETRIC_REPRESENTATION_CONTEXT(2) 
PARAMETRIC_REPRESENTATION_CONTEXT() REPRESENTATION_CONTEXT('2D SPACE',''
  ) );
#1875 = PCURVE('',#506,#1876);
#1876 = DEFINITIONAL_REPRESENTATION('',(#1877),#1881);
#1877 = LINE('',#1878,#1879);
#1878 = CARTESIAN_POINT('',(0.,0.));
#1879 = VECTOR('',#1880,1.);
#1880 = DIRECTION('',(0.,-1.));
#1881 = ( GEOMETRIC_REPRESENTATION_CONTEXT(2) 
PARAMETRIC_REPRESENTATION_CONTEXT() REPRESENTATION_CONTEXT('2D SPACE',''
  ) );
#1882 = ORIENTED_EDGE('',*,*,#489,.T.);
#1883 = ORIENTED_EDGE('',*,*,#1862,.F.);
#1884 = ADVANCED_FACE('',(#1885),#537,.F.);
#1885 = FACE_BOUND('',#1886,.F.);
#1886 = EDGE_LOOP('',(#1887,#1888,#1909,#1910));
#1887 = ORIENTED_EDGE('',*,*,#1144,.F.);
#1888 = ORIENTED_EDGE('',*,*,#1889,.T.);
#1889 = EDGE_CURVE('',#1145,#521,#1890,.T.);
#1890 = SEAM_CURVE('',#1891,(#1895,#1902),.PCURVE_S1.);
#1891 = LINE('',#1892,#1893);
#1892 = CARTESIAN_POINT('',(-45.5,-6.096,1.2));
#1893 = VECTOR('',#1894,1.);
#1894 = DIRECTION('',(-0.,-0.,-1.));
#1895 = PCURVE('',#537,#1896);
#1896 = DEFINITIONAL_REPRESENTATION('',(#1897),#1901);
#1897 = LINE('',#1898,#1899);
#1898 = CARTESIAN_POINT('',(6.28318530718,0.));
#1899 = VECTOR('',#1900,1.);
#1900 = DIRECTION('',(0.,-1.));
#1901 = ( GEOMETRIC_REPRESENTATION_CONTEXT(2) 
PARAMETRIC_REPRESENTATION_CONTEXT() REPRESENTATION_CONTEXT('2D SPACE',''
  ) );
#1902 = PCURVE('',#537,#1903);
#1903 = DEFINITIONAL_REPRESENTATION('',(#1904),#1908);
#1904 = LINE('',#1905,#1906);
#1905 = CARTESIAN_POINT('',(0.,0.));
#1906 = VECTOR('',#1907,1.);
#1907 = DIRECTION('',(0.,-1.));
#1908 = ( GEOMETRIC_REPRESENTATION_CONTEXT(2) 
PARAMETRIC_REPRESENTATION_CONTEXT() REPRESENTATION_CONTEXT('2D SPACE',''
  ) );
#1909 = ORIENTED_EDGE('',*,*,#520,.T.);
#1910 = ORIENTED_EDGE('',*,*,#1889,.F.);
#1911 = ADVANCED_FACE('',(#1912),#568,.F.);
#1912 = FACE_BOUND('',#1913,.F.);
#1913 = EDGE_LOOP('',(#1914,#1915,#1936,#1937));
#1914 = ORIENTED_EDGE('',*,*,#1170,.F.);
#1915 = ORIENTED_EDGE('',*,*,#1916,.T.);
#1916 = EDGE_CURVE('',#1171,#552,#1917,.T.);
#1917 = SEAM_CURVE('',#1918,(#1922,#1929),.PCURVE_S1.);
#1918 = LINE('',#1919,#1920);
#1919 = CARTESIAN_POINT('',(-45.5,-3.048,1.2));
#1920 = VECTOR('',#1921,1.);
#1921 = DIRECTION('',(-0.,-0.,-1.));
#1922 = PCURVE('',#568,#1923);
#1923 = DEFINITIONAL_REPRESENTATION('',(#1924),#1928);
#1924 = LINE('',#1925,#1926);
#1925 = CARTESIAN_POINT('',(6.28318530718,0.));
#1926 = VECTOR('',#1927,1.);
#1927 = DIRECTION('',(0.,-1.));
#1928 = ( GEOMETRIC_REPRESENTATION_CONTEXT(2) 
PARAMETRIC_REPRESENTATION_CONTEXT() REPRESENTATION_CONTEXT('2D SPACE',''
  ) );
#1929 = PCURVE('',#568,#1930);
#1930 = DEFINITIONAL_REPRESENTATION('',(#1931),#1935);
#1931 = LINE('',#1932,#1933);
#1932 = CARTESIAN_POINT('',(0.,0.));
#1933 = VECTOR('',#1934,1.);
#1934 = DIRECTION('',(0.,-1.));
#1935 = ( GEOMETRIC_REPRESENTATION_CONTEXT(2) 
PARAMETRIC_REPRESENTATION_CONTEXT() REPRESENTATION_CONTEXT('2D SPACE',''
  ) );
#1936 = ORIENTED_EDGE('',*,*,#551,.T.);
#1937 = ORIENTED_EDGE('',*,*,#1916,.F.);
#1938 = ADVANCED_FACE('',(#1939),#599,.F.);
#1939 = FACE_BOUND('',#1940,.F.);
#1940 = EDGE_LOOP('',(#1941,#1942,#1963,#1964));
#1941 = ORIENTED_EDGE('',*,*,#1509,.F.);
#1942 = ORIENTED_EDGE('',*,*,#1943,.T.);
#1943 = EDGE_CURVE('',#1510,#583,#1944,.T.);
#1944 = SEAM_CURVE('',#1945,(#1949,#1956),.PCURVE_S1.);
#1945 = LINE('',#1946,#1947);
#1946 = CARTESIAN_POINT('',(46.,-25.,1.2));
#1947 = VECTOR('',#1948,1.);
#1948 = DIRECTION('',(-0.,-0.,-1.));
#1949 = PCURVE('',#599,#1950);
#1950 = DEFINITIONAL_REPRESENTATION('',(#1951),#1955);
#1951 = LINE('',#1952,#1953);
#1952 = CARTESIAN_POINT('',(6.28318530718,0.));
#1953 = VECTOR('',#1954,1.);
#1954 = DIRECTION('',(0.,-1.));
#1955 = ( GEOMETRIC_REPRESENTATION_CONTEXT(2) 
PARAMETRIC_REPRESENTATION_CONTEXT() REPRESENTATION_CONTEXT('2D SPACE',''
  ) );
#1956 = PCURVE('',#599,#1957);
#1957 = DEFINITIONAL_REPRESENTATION('',(#1958),#1962);
#1958 = LINE('',#1959,#1960);
#1959 = CARTESIAN_POINT('',(0.,0.));
#1960 = VECTOR('',#1961,1.);
#1961 = DIRECTION('',(0.,-1.));
#1962 = ( GEOMETRIC_REPRESENTATION_CONTEXT(2) 
PARAMETRIC_REPRESENTATION_CONTEXT() REPRESENTATION_CONTEXT('2D SPACE',''
  ) );
#1963 = ORIENTED_EDGE('',*,*,#582,.T.);
#1964 = ORIENTED_EDGE('',*,*,#1943,.F.);
#1965 = ADVANCED_FACE('',(#1966),#630,.F.);
#1966 = FACE_BOUND('',#1967,.F.);
#1967 = EDGE_LOOP('',(#1968,#1969,#1990,#1991));
#1968 = ORIENTED_EDGE('',*,*,#1222,.F.);
#1969 = ORIENTED_EDGE('',*,*,#1970,.T.);
#1970 = EDGE_CURVE('',#1223,#614,#1971,.T.);
#1971 = SEAM_CURVE('',#1972,(#1976,#1983),.PCURVE_S1.);
#1972 = LINE('',#1973,#1974);
#1973 = CARTESIAN_POINT('',(-45.5,0.,1.2));
#1974 = VECTOR('',#1975,1.);
#1975 = DIRECTION('',(-0.,-0.,-1.));
#1976 = PCURVE('',#630,#1977);
#1977 = DEFINITIONAL_REPRESENTATION('',(#1978),#1982);
#1978 = LINE('',#1979,#1980);
#1979 = CARTESIAN_POINT('',(6.28318530718,0.));
#1980 = VECTOR('',#1981,1.);
#1981 = DIRECTION('',(0.,-1.));
#1982 = ( GEOMETRIC_REPRESENTATION_CONTEXT(2) 
PARAMETRIC_REPRESENTATION_CONTEXT() REPRESENTATION_CONTEXT('2D SPACE',''
  ) );
#1983 = PCURVE('',#630,#1984);
#1984 = DEFINITIONAL_REPRESENTATION('',(#1985),#1989);
#1985 = LINE('',#1986,#1987);
#1986 = CARTESIAN_POINT('',(0.,0.));
#1987 = VECTOR('',#1988,1.);
#1988 = DIRECTION('',(0.,-1.));
#1989 = ( GEOMETRIC_REPRESENTATION_CONTEXT(2) 
PARAMETRIC_REPRESENTATION_CONTEXT() REPRESENTATION_CONTEXT('2D SPACE',''
  ) );
#1990 = ORIENTED_EDGE('',*,*,#613,.T.);
#1991 = ORIENTED_EDGE('',*,*,#1970,.F.);
#1992 = ADVANCED_FACE('',(#1993),#661,.F.);
#1993 = FACE_BOUND('',#1994,.F.);
#1994 = EDGE_LOOP('',(#1995,#1996,#2017,#2018));
#1995 = ORIENTED_EDGE('',*,*,#1248,.F.);
#1996 = ORIENTED_EDGE('',*,*,#1997,.T.);
#1997 = EDGE_CURVE('',#1249,#645,#1998,.T.);
#1998 = SEAM_CURVE('',#1999,(#2003,#2010),.PCURVE_S1.);
#1999 = LINE('',#2000,#2001);
#2000 = CARTESIAN_POINT('',(-45.5,3.048,1.2));
#2001 = VECTOR('',#2002,1.);
#2002 = DIRECTION('',(-0.,-0.,-1.));
#2003 = PCURVE('',#661,#2004);
#2004 = DEFINITIONAL_REPRESENTATION('',(#2005),#2009);
#2005 = LINE('',#2006,#2007);
#2006 = CARTESIAN_POINT('',(6.28318530718,0.));
#2007 = VECTOR('',#2008,1.);
#2008 = DIRECTION('',(0.,-1.));
#2009 = ( GEOMETRIC_REPRESENTATION_CONTEXT(2) 
PARAMETRIC_REPRESENTATION_CONTEXT() REPRESENTATION_CONTEXT('2D SPACE',''
  ) );
#2010 = PCURVE('',#661,#2011);
#2011 = DEFINITIONAL_REPRESENTATION('',(#2012),#2016);
#2012 = LINE('',#2013,#2014);
#2013 = CARTESIAN_POINT('',(0.,0.));
#2014 = VECTOR('',#2015,1.);
#2015 = DIRECTION('',(0.,-1.));
#2016 = ( GEOMETRIC_REPRESENTATION_CONTEXT(2) 
PARAMETRIC_REPRESENTATION_CONTEXT() REPRESENTATION_CONTEXT('2D SPACE',''
  ) );
#2017 = ORIENTED_EDGE('',*,*,#644,.T.);
#2018 = ORIENTED_EDGE('',*,*,#1997,.F.);
#2019 = ADVANCED_FACE('',(#2020),#692,.F.);
#2020 = FACE_BOUND('',#2021,.F.);
#2021 = EDGE_LOOP('',(#2022,#2023,#2044,#2045));
#2022 = ORIENTED_EDGE('',*,*,#1274,.F.);
#2023 = ORIENTED_EDGE('',*,*,#2024,.T.);
#2024 = EDGE_CURVE('',#1275,#676,#2025,.T.);
#2025 = SEAM_CURVE('',#2026,(#2030,#2037),.PCURVE_S1.);
#2026 = LINE('',#2027,#2028);
#2027 = CARTESIAN_POINT('',(-45.5,6.096,1.2));
#2028 = VECTOR('',#2029,1.);
#2029 = DIRECTION('',(-0.,-0.,-1.));
#2030 = PCURVE('',#692,#2031);
#2031 = DEFINITIONAL_REPRESENTATION('',(#2032),#2036);
#2032 = LINE('',#2033,#2034);
#2033 = CARTESIAN_POINT('',(6.28318530718,0.));
#2034 = VECTOR('',#2035,1.);
#2035 = DIRECTION('',(0.,-1.));
#2036 = ( GEOMETRIC_REPRESENTATION_CONTEXT(2) 
PARAMETRIC_REPRESENTATION_CONTEXT() REPRESENTATION_CONTEXT('2D SPACE',''
  ) );
#2037 = PCURVE('',#692,#2038);
#2038 = DEFINITIONAL_REPRESENTATION('',(#2039),#2043);
#2039 = LINE('',#2040,#2041);
#2040 = CARTESIAN_POINT('',(0.,0.));
#2041 = VECTOR('',#2042,1.);
#2042 = DIRECTION('',(0.,-1.));
#2043 = ( GEOMETRIC_REPRESENTATION_CONTEXT(2) 
PARAMETRIC_REPRESENTATION_CONTEXT() REPRESENTATION_CONTEXT('2D SPACE',''
  ) );
#2044 = ORIENTED_EDGE('',*,*,#675,.T.);
#2045 = ORIENTED_EDGE('',*,*,#2024,.F.);
#2046 = ADVANCED_FACE('',(#2047),#723,.F.);
#2047 = FACE_BOUND('',#2048,.F.);
#2048 = EDGE_LOOP('',(#2049,#2050,#2071,#2072));
#2049 = ORIENTED_EDGE('',*,*,#1300,.F.);
#2050 = ORIENTED_EDGE('',*,*,#2051,.T.);
#2051 = EDGE_CURVE('',#1301,#707,#2052,.T.);
#2052 = SEAM_CURVE('',#2053,(#2057,#2064),.PCURVE_S1.);
#2053 = LINE('',#2054,#2055);
#2054 = CARTESIAN_POINT('',(-45.5,9.144,1.2));
#2055 = VECTOR('',#2056,1.);
#2056 = DIRECTION('',(-0.,-0.,-1.));
#2057 = PCURVE('',#723,#2058);
#2058 = DEFINITIONAL_REPRESENTATION('',(#2059),#2063);
#2059 = LINE('',#2060,#2061);
#2060 = CARTESIAN_POINT('',(6.28318530718,0.));
#2061 = VECTOR('',#2062,1.);
#2062 = DIRECTION('',(0.,-1.));
#2063 = ( GEOMETRIC_REPRESENTATION_CONTEXT(2) 
PARAMETRIC_REPRESENTATION_CONTEXT() REPRESENTATION_CONTEXT('2D SPACE',''
  ) );
#2064 = PCURVE('',#723,#2065);
#2065 = DEFINITIONAL_REPRESENTATION('',(#2066),#2070);
#2066 = LINE('',#2067,#2068);
#2067 = CARTESIAN_POINT('',(0.,0.));
#2068 = VECTOR('',#2069,1.);
#2069 = DIRECTION('',(0.,-1.));
#2070 = ( GEOMETRIC_REPRESENTATION_CONTEXT(2) 
PARAMETRIC_REPRESENTATION_CONTEXT() REPRESENTATION_CONTEXT('2D SPACE',''
  ) );
#2071 = ORIENTED_EDGE('',*,*,#706,.T.);
#2072 = ORIENTED_EDGE('',*,*,#2051,.F.);
#2073 = ADVANCED_FACE('',(#2074),#754,.F.);
#2074 = FACE_BOUND('',#2075,.F.);
#2075 = EDGE_LOOP('',(#2076,#2077,#2098,#2099));
#2076 = ORIENTED_EDGE('',*,*,#1326,.F.);
#2077 = ORIENTED_EDGE('',*,*,#2078,.T.);
#2078 = EDGE_CURVE('',#1327,#738,#2079,.T.);
#2079 = SEAM_CURVE('',#2080,(#2084,#2091),.PCURVE_S1.);
#2080 = LINE('',#2081,#2082);
#2081 = CARTESIAN_POINT('',(-45.5,12.192,1.2));
#2082 = VECTOR('',#2083,1.);
#2083 = DIRECTION('',(-0.,-0.,-1.));
#2084 = PCURVE('',#754,#2085);
#2085 = DEFINITIONAL_REPRESENTATION('',(#2086),#2090);
#2086 = LINE('',#2087,#2088);
#2087 = CARTESIAN_POINT('',(6.28318530718,0.));
#2088 = VECTOR('',#2089,1.);
#2089 = DIRECTION('',(0.,-1.));
#2090 = ( GEOMETRIC_REPRESENTATION_CONTEXT(2) 
PARAMETRIC_REPRESENTATION_CONTEXT() REPRESENTATION_CONTEXT('2D SPACE',''
  ) );
#2091 = PCURVE('',#754,#2092);
#2092 = DEFINITIONAL_REPRESENTATION('',(#2093),#2097);
#2093 = LINE('',#2094,#2095);
#2094 = CARTESIAN_POINT('',(0.,0.));
#2095 = VECTOR('',#2096,1.);
#2096 = DIRECTION('',(0.,-1.));
#2097 = ( GEOMETRIC_REPRESENTATION_CONTEXT(2) 
PARAMETRIC_REPRESENTATION_CONTEXT() REPRESENTATION_CONTEXT('2D SPACE',''
  ) );
#2098 = ORIENTED_EDGE('',*,*,#737,.T.);
#2099 = ORIENTED_EDGE('',*,*,#2078,.F.);
#2100 = ADVANCED_FACE('',(#2101),#785,.F.);
#2101 = FACE_BOUND('',#2102,.F.);
#2102 = EDGE_LOOP('',(#2103,#2104,#2125,#2126));
#2103 = ORIENTED_EDGE('',*,*,#1352,.F.);
#2104 = ORIENTED_EDGE('',*,*,#2105,.T.);
#2105 = EDGE_CURVE('',#1353,#769,#2106,.T.);
#2106 = SEAM_CURVE('',#2107,(#2111,#2118),.PCURVE_S1.);
#2107 = LINE('',#2108,#2109);
#2108 = CARTESIAN_POINT('',(-45.5,15.24,1.2));
#2109 = VECTOR('',#2110,1.);
#2110 = DIRECTION('',(-0.,-0.,-1.));
#2111 = PCURVE('',#785,#2112);
#2112 = DEFINITIONAL_REPRESENTATION('',(#2113),#2117);
#2113 = LINE('',#2114,#2115);
#2114 = CARTESIAN_POINT('',(6.28318530718,0.));
#2115 = VECTOR('',#2116,1.);
#2116 = DIRECTION('',(0.,-1.));
#2117 = ( GEOMETRIC_REPRESENTATION_CONTEXT(2) 
PARAMETRIC_REPRESENTATION_CONTEXT() REPRESENTATION_CONTEXT('2D SPACE',''
  ) );
#2118 = PCURVE('',#785,#2119);
#2119 = DEFINITIONAL_REPRESENTATION('',(#2120),#2124);
#2120 = LINE('',#2121,#2122);
#2121 = CARTESIAN_POINT('',(0.,0.));
#2122 = VECTOR('',#2123,1.);
#2123 = DIRECTION('',(0.,-1.));
#2124 = ( GEOMETRIC_REPRESENTATION_CONTEXT(2) 
PARAMETRIC_REPRESENTATION_CONTEXT() REPRESENTATION_CONTEXT('2D SPACE',''
  ) );
#2125 = ORIENTED_EDGE('',*,*,#768,.T.);
#2126 = ORIENTED_EDGE('',*,*,#2105,.F.);
#2127 = ADVANCED_FACE('',(#2128),#816,.F.);
#2128 = FACE_BOUND('',#2129,.F.);
#2129 = EDGE_LOOP('',(#2130,#2131,#2152,#2153));
#2130 = ORIENTED_EDGE('',*,*,#1378,.F.);
#2131 = ORIENTED_EDGE('',*,*,#2132,.T.);
#2132 = EDGE_CURVE('',#1379,#800,#2133,.T.);
#2133 = SEAM_CURVE('',#2134,(#2138,#2145),.PCURVE_S1.);
#2134 = LINE('',#2135,#2136);
#2135 = CARTESIAN_POINT('',(-44.,25.,1.2));
#2136 = VECTOR('',#2137,1.);
#2137 = DIRECTION('',(-0.,-0.,-1.));
#2138 = PCURVE('',#816,#2139);
#2139 = DEFINITIONAL_REPRESENTATION('',(#2140),#2144);
#2140 = LINE('',#2141,#2142);
#2141 = CARTESIAN_POINT('',(6.28318530718,0.));
#2142 = VECTOR('',#2143,1.);
#2143 = DIRECTION('',(0.,-1.));
#2144 = ( GEOMETRIC_REPRESENTATION_CONTEXT(2) 
PARAMETRIC_REPRESENTATION_CONTEXT() REPRESENTATION_CONTEXT('2D SPACE',''
  ) );
#2145 = PCURVE('',#816,#2146);
#2146 = DEFINITIONAL_REPRESENTATION('',(#2147),#2151);
#2147 = LINE('',#2148,#2149);
#2148 = CARTESIAN_POINT('',(0.,0.));
#2149 = VECTOR('',#2150,1.);
#2150 = DIRECTION('',(0.,-1.));
#2151 = ( GEOMETRIC_REPRESENTATION_CONTEXT(2) 
PARAMETRIC_REPRESENTATION_CONTEXT() REPRESENTATION_CONTEXT('2D SPACE',''
  ) );
#2152 = ORIENTED_EDGE('',*,*,#799,.T.);
#2153 = ORIENTED_EDGE('',*,*,#2132,.F.);
#2154 = ADVANCED_FACE('',(#2155),#847,.F.);
#2155 = FACE_BOUND('',#2156,.F.);
#2156 = EDGE_LOOP('',(#2157,#2158,#2179,#2180));
#2157 = ORIENTED_EDGE('',*,*,#1535,.F.);
#2158 = ORIENTED_EDGE('',*,*,#2159,.T.);
#2159 = EDGE_CURVE('',#1536,#831,#2160,.T.);
#2160 = SEAM_CURVE('',#2161,(#2165,#2172),.PCURVE_S1.);
#2161 = LINE('',#2162,#2163);
#2162 = CARTESIAN_POINT('',(46.,25.,1.2));
#2163 = VECTOR('',#2164,1.);
#2164 = DIRECTION('',(-0.,-0.,-1.));
#2165 = PCURVE('',#847,#2166);
#2166 = DEFINITIONAL_REPRESENTATION('',(#2167),#2171);
#2167 = LINE('',#2168,#2169);
#2168 = CARTESIAN_POINT('',(6.28318530718,0.));
#2169 = VECTOR('',#2170,1.);
#2170 = DIRECTION('',(0.,-1.));
#2171 = ( GEOMETRIC_REPRESENTATION_CONTEXT(2) 
PARAMETRIC_REPRESENTATION_CONTEXT() REPRESENTATION_CONTEXT('2D SPACE',''
  ) );
#2172 = PCURVE('',#847,#2173);
#2173 = DEFINITIONAL_REPRESENTATION('',(#2174),#2178);
#2174 = LINE('',#2175,#2176);
#2175 = CARTESIAN_POINT('',(0.,0.));
#2176 = VECTOR('',#2177,1.);
#2177 = DIRECTION('',(0.,-1.));
#2178 = ( GEOMETRIC_REPRESENTATION_CONTEXT(2) 
PARAMETRIC_REPRESENTATION_CONTEXT() REPRESENTATION_CONTEXT('2D SPACE',''
  ) );
#2179 = ORIENTED_EDGE('',*,*,#830,.T.);
#2180 = ORIENTED_EDGE('',*,*,#2159,.F.);
#2181 = ADVANCED_FACE('',(#2182),#1052,.T.);
#2182 = FACE_BOUND('',#2183,.T.);
#2183 = EDGE_LOOP('',(#2184,#2207,#2228,#2229));
#2184 = ORIENTED_EDGE('',*,*,#2185,.T.);
#2185 = EDGE_CURVE('',#1016,#2186,#2188,.T.);
#2186 = VERTEX_POINT('',#2187);
#2187 = CARTESIAN_POINT('',(-42.5,-27.5,5.2));
#2188 = SURFACE_CURVE('',#2189,(#2193,#2200),.PCURVE_S1.);
#2189 = LINE('',#2190,#2191);
#2190 = CARTESIAN_POINT('',(-42.5,-27.5,1.2));
#2191 = VECTOR('',#2192,1.);
#2192 = DIRECTION('',(0.,0.,1.));
#2193 = PCURVE('',#1052,#2194);
#2194 = DEFINITIONAL_REPRESENTATION('',(#2195),#2199);
#2195 = LINE('',#2196,#2197);
#2196 = CARTESIAN_POINT('',(0.,0.));
#2197 = VECTOR('',#2198,1.);
#2198 = DIRECTION('',(0.,-1.));
#2199 = ( GEOMETRIC_REPRESENTATION_CONTEXT(2) 
PARAMETRIC_REPRESENTATION_CONTEXT() REPRESENTATION_CONTEXT('2D SPACE',''
  ) );
#2200 = PCURVE('',#1763,#2201);
#2201 = DEFINITIONAL_REPRESENTATION('',(#2202),#2206);
#2202 = LINE('',#2203,#2204);
#2203 = CARTESIAN_POINT('',(85.,0.));
#2204 = VECTOR('',#2205,1.);
#2205 = DIRECTION('',(0.,-1.));
#2206 = ( GEOMETRIC_REPRESENTATION_CONTEXT(2) 
PARAMETRIC_REPRESENTATION_CONTEXT() REPRESENTATION_CONTEXT('2D SPACE',''
  ) );
#2207 = ORIENTED_EDGE('',*,*,#2208,.T.);
#2208 = EDGE_CURVE('',#2186,#1563,#2209,.T.);
#2209 = SURFACE_CURVE('',#2210,(#2214,#2221),.PCURVE_S1.);
#2210 = LINE('',#2211,#2212);
#2211 = CARTESIAN_POINT('',(-42.5,-27.5,5.2));
#2212 = VECTOR('',#2213,1.);
#2213 = DIRECTION('',(0.,1.,0.));
#2214 = PCURVE('',#1052,#2215);
#2215 = DEFINITIONAL_REPRESENTATION('',(#2216),#2220);
#2216 = LINE('',#2217,#2218);
#2217 = CARTESIAN_POINT('',(0.,-4.));
#2218 = VECTOR('',#2219,1.);
#2219 = DIRECTION('',(1.,0.));
#2220 = ( GEOMETRIC_REPRESENTATION_CONTEXT(2) 
PARAMETRIC_REPRESENTATION_CONTEXT() REPRESENTATION_CONTEXT('2D SPACE',''
  ) );
#2221 = PCURVE('',#1601,#2222);
#2222 = DEFINITIONAL_REPRESENTATION('',(#2223),#2227);
#2223 = LINE('',#2224,#2225);
#2224 = CARTESIAN_POINT('',(-42.5,-27.5));
#2225 = VECTOR('',#2226,1.);
#2226 = DIRECTION('',(0.,1.));
#2227 = ( GEOMETRIC_REPRESENTATION_CONTEXT(2) 
PARAMETRIC_REPRESENTATION_CONTEXT() REPRESENTATION_CONTEXT('2D SPACE',''
  ) );
#2228 = ORIENTED_EDGE('',*,*,#1562,.F.);
#2229 = ORIENTED_EDGE('',*,*,#1038,.F.);
#2230 = ADVANCED_FACE('',(#2231),#1422,.T.);
#2231 = FACE_BOUND('',#2232,.T.);
#2232 = EDGE_LOOP('',(#2233,#2234,#2257,#2278));
#2233 = ORIENTED_EDGE('',*,*,#1613,.T.);
#2234 = ORIENTED_EDGE('',*,*,#2235,.T.);
#2235 = EDGE_CURVE('',#1586,#2236,#2238,.T.);
#2236 = VERTEX_POINT('',#2237);
#2237 = CARTESIAN_POINT('',(42.5,-27.5,5.2));
#2238 = SURFACE_CURVE('',#2239,(#2243,#2250),.PCURVE_S1.);
#2239 = LINE('',#2240,#2241);
#2240 = CARTESIAN_POINT('',(42.5,27.5,5.2));
#2241 = VECTOR('',#2242,1.);
#2242 = DIRECTION('',(0.,-1.,0.));
#2243 = PCURVE('',#1422,#2244);
#2244 = DEFINITIONAL_REPRESENTATION('',(#2245),#2249);
#2245 = LINE('',#2246,#2247);
#2246 = CARTESIAN_POINT('',(0.,-4.));
#2247 = VECTOR('',#2248,1.);
#2248 = DIRECTION('',(1.,0.));
#2249 = ( GEOMETRIC_REPRESENTATION_CONTEXT(2) 
PARAMETRIC_REPRESENTATION_CONTEXT() REPRESENTATION_CONTEXT('2D SPACE',''
  ) );
#2250 = PCURVE('',#1601,#2251);
#2251 = DEFINITIONAL_REPRESENTATION('',(#2252),#2256);
#2252 = LINE('',#2253,#2254);
#2253 = CARTESIAN_POINT('',(42.5,27.5));
#2254 = VECTOR('',#2255,1.);
#2255 = DIRECTION('',(0.,-1.));
#2256 = ( GEOMETRIC_REPRESENTATION_CONTEXT(2) 
PARAMETRIC_REPRESENTATION_CONTEXT() REPRESENTATION_CONTEXT('2D SPACE',''
  ) );
#2257 = ORIENTED_EDGE('',*,*,#2258,.F.);
#2258 = EDGE_CURVE('',#1407,#2236,#2259,.T.);
#2259 = SURFACE_CURVE('',#2260,(#2264,#2271),.PCURVE_S1.);
#2260 = LINE('',#2261,#2262);
#2261 = CARTESIAN_POINT('',(42.5,-27.5,1.2));
#2262 = VECTOR('',#2263,1.);
#2263 = DIRECTION('',(0.,0.,1.));
#2264 = PCURVE('',#1422,#2265);
#2265 = DEFINITIONAL_REPRESENTATION('',(#2266),#2270);
#2266 = LINE('',#2267,#2268);
#2267 = CARTESIAN_POINT('',(55.,0.));
#2268 = VECTOR('',#2269,1.);
#2269 = DIRECTION('',(0.,-1.));
#2270 = ( GEOMETRIC_REPRESENTATION_CONTEXT(2) 
PARAMETRIC_REPRESENTATION_CONTEXT() REPRESENTATION_CONTEXT('2D SPACE',''
  ) );
#2271 = PCURVE('',#1763,#2272);
#2272 = DEFINITIONAL_REPRESENTATION('',(#2273),#2277);
#2273 = LINE('',#2274,#2275);
#2274 = CARTESIAN_POINT('',(0.,-0.));
#2275 = VECTOR('',#2276,1.);
#2276 = DIRECTION('',(0.,-1.));
#2277 = ( GEOMETRIC_REPRESENTATION_CONTEXT(2) 
PARAMETRIC_REPRESENTATION_CONTEXT() REPRESENTATION_CONTEXT('2D SPACE',''
  ) );
#2278 = ORIENTED_EDGE('',*,*,#1406,.F.);
#2279 = ADVANCED_FACE('',(#2280),#1601,.T.);
#2280 = FACE_BOUND('',#2281,.F.);
#2281 = EDGE_LOOP('',(#2282,#2283,#2284,#2305));
#2282 = ORIENTED_EDGE('',*,*,#1585,.T.);
#2283 = ORIENTED_EDGE('',*,*,#2235,.T.);
#2284 = ORIENTED_EDGE('',*,*,#2285,.T.);
#2285 = EDGE_CURVE('',#2236,#2186,#2286,.T.);
#2286 = SURFACE_CURVE('',#2287,(#2291,#2298),.PCURVE_S1.);
#2287 = LINE('',#2288,#2289);
#2288 = CARTESIAN_POINT('',(42.5,-27.5,5.2));
#2289 = VECTOR('',#2290,1.);
#2290 = DIRECTION('',(-1.,0.,0.));
#2291 = PCURVE('',#1601,#2292);
#2292 = DEFINITIONAL_REPRESENTATION('',(#2293),#2297);
#2293 = LINE('',#2294,#2295);
#2294 = CARTESIAN_POINT('',(42.5,-27.5));
#2295 = VECTOR('',#2296,1.);
#2296 = DIRECTION('',(-1.,0.));
#2297 = ( GEOMETRIC_REPRESENTATION_CONTEXT(2) 
PARAMETRIC_REPRESENTATION_CONTEXT() REPRESENTATION_CONTEXT('2D SPACE',''
  ) );
#2298 = PCURVE('',#1763,#2299);
#2299 = DEFINITIONAL_REPRESENTATION('',(#2300),#2304);
#2300 = LINE('',#2301,#2302);
#2301 = CARTESIAN_POINT('',(0.,-4.));
#2302 = VECTOR('',#2303,1.);
#2303 = DIRECTION('',(1.,0.));
#2304 = ( GEOMETRIC_REPRESENTATION_CONTEXT(2) 
PARAMETRIC_REPRESENTATION_CONTEXT() REPRESENTATION_CONTEXT('2D SPACE',''
  ) );
#2305 = ORIENTED_EDGE('',*,*,#2208,.T.);
#2306 = ADVANCED_FACE('',(#2307),#1763,.T.);
#2307 = FACE_BOUND('',#2308,.T.);
#2308 = EDGE_LOOP('',(#2309,#2310,#2311,#2312));
#2309 = ORIENTED_EDGE('',*,*,#2258,.T.);
#2310 = ORIENTED_EDGE('',*,*,#2285,.T.);
#2311 = ORIENTED_EDGE('',*,*,#2185,.F.);
#2312 = ORIENTED_EDGE('',*,*,#1749,.F.);
#2313 = ( GEOMETRIC_REPRESENTATION_CONTEXT(3) 
GLOBAL_UNCERTAINTY_ASSIGNED_CONTEXT((#2317)) 
GLOBAL_UNIT_ASSIGNED_CONTEXT((#2314,#2315,#2316)) REPRESENTATION_CONTEXT
('Context #1','3D Context with UNIT and UNCERTAINTY') );
#2314 = ( LENGTH_UNIT() NAMED_UNIT(*) SI_UNIT(.MILLI.,.METRE.) );
#2315 = ( NAMED_UNIT(*) PLANE_ANGLE_UNIT() SI_UNIT($,.RADIAN.) );
#2316 = ( NAMED_UNIT(*) SI_UNIT($,.STERADIAN.) SOLID_ANGLE_UNIT() );
#2317 = UNCERTAINTY_MEASURE_WITH_UNIT(LENGTH_MEASURE(1.E-07),#2314,
  'distance_accuracy_value','confusion accuracy');
#2318 = PRODUCT_RELATED_PRODUCT_CATEGORY('part',$,(#7));
#2319 = MECHANICAL_DESIGN_GEOMETRIC_PRESENTATION_REPRESENTATION('',(
    #2320,#2331,#2339,#2346,#2353,#2361,#2368,#2375,#2382),#2313);
#2320 = STYLED_ITEM('color',(#2321),#15);
#2321 = PRESENTATION_STYLE_ASSIGNMENT((#2322,#2328));
#2322 = SURFACE_STYLE_USAGE(.BOTH.,#2323);
#2323 = SURFACE_SIDE_STYLE('',(#2324));
#2324 = SURFACE_STYLE_FILL_AREA(#2325);
#2325 = FILL_AREA_STYLE('',(#2326));
#2326 = FILL_AREA_STYLE_COLOUR('',#2327);
#2327 = COLOUR_RGB('',0.800000010877,0.800000010877,0.800000010877);
#2328 = CURVE_STYLE('',#2329,POSITIVE_LENGTH_MEASURE(0.1),#2330);
#2329 = DRAUGHTING_PRE_DEFINED_CURVE_FONT('continuous');
#2330 = COLOUR_RGB('',9.803921802644E-02,9.803921802644E-02,
  9.803921802644E-02);
#2331 = OVER_RIDING_STYLED_ITEM('overriding color',(#2332),#193,#2320);
#2332 = PRESENTATION_STYLE_ASSIGNMENT((#2333));
#2333 = SURFACE_STYLE_USAGE(.BOTH.,#2334);
#2334 = SURFACE_SIDE_STYLE('',(#2335));
#2335 = SURFACE_STYLE_FILL_AREA(#2336);
#2336 = FILL_AREA_STYLE('',(#2337));
#2337 = FILL_AREA_STYLE_COLOUR('',#2338);
#2338 = DRAUGHTING_PRE_DEFINED_COLOUR('black');
#2339 = OVER_RIDING_STYLED_ITEM('overriding color',(#2340),#962,#2320);
#2340 = PRESENTATION_STYLE_ASSIGNMENT((#2341));
#2341 = SURFACE_STYLE_USAGE(.BOTH.,#2342);
#2342 = SURFACE_SIDE_STYLE('',(#2343));
#2343 = SURFACE_STYLE_FILL_AREA(#2344);
#2344 = FILL_AREA_STYLE('',(#2345));
#2345 = FILL_AREA_STYLE_COLOUR('',#2338);
#2346 = OVER_RIDING_STYLED_ITEM('overriding color',(#2347),#1401,#2320);
#2347 = PRESENTATION_STYLE_ASSIGNMENT((#2348));
#2348 = SURFACE_STYLE_USAGE(.BOTH.,#2349);
#2349 = SURFACE_SIDE_STYLE('',(#2350));
#2350 = SURFACE_STYLE_FILL_AREA(#2351);
#2351 = FILL_AREA_STYLE('',(#2352));
#2352 = FILL_AREA_STYLE_COLOUR('',#2338);
#2353 = OVER_RIDING_STYLED_ITEM('overriding color',(#2354),#1558,#2320);
#2354 = PRESENTATION_STYLE_ASSIGNMENT((#2355));
#2355 = SURFACE_STYLE_USAGE(.BOTH.,#2356);
#2356 = SURFACE_SIDE_STYLE('',(#2357));
#2357 = SURFACE_STYLE_FILL_AREA(#2358);
#2358 = FILL_AREA_STYLE('',(#2359));
#2359 = FILL_AREA_STYLE_COLOUR('',#2360);
#2360 = DRAUGHTING_PRE_DEFINED_COLOUR('white');
#2361 = OVER_RIDING_STYLED_ITEM('overriding color',(#2362),#2181,#2320);
#2362 = PRESENTATION_STYLE_ASSIGNMENT((#2363));
#2363 = SURFACE_STYLE_USAGE(.BOTH.,#2364);
#2364 = SURFACE_SIDE_STYLE('',(#2365));
#2365 = SURFACE_STYLE_FILL_AREA(#2366);
#2366 = FILL_AREA_STYLE('',(#2367));
#2367 = FILL_AREA_STYLE_COLOUR('',#2360);
#2368 = OVER_RIDING_STYLED_ITEM('overriding color',(#2369),#2230,#2320);
#2369 = PRESENTATION_STYLE_ASSIGNMENT((#2370));
#2370 = SURFACE_STYLE_USAGE(.BOTH.,#2371);
#2371 = SURFACE_SIDE_STYLE('',(#2372));
#2372 = SURFACE_STYLE_FILL_AREA(#2373);
#2373 = FILL_AREA_STYLE('',(#2374));
#2374 = FILL_AREA_STYLE_COLOUR('',#2360);
#2375 = OVER_RIDING_STYLED_ITEM('overriding color',(#2376),#2279,#2320);
#2376 = PRESENTATION_STYLE_ASSIGNMENT((#2377));
#2377 = SURFACE_STYLE_USAGE(.BOTH.,#2378);
#2378 = SURFACE_SIDE_STYLE('',(#2379));
#2379 = SURFACE_STYLE_FILL_AREA(#2380);
#2380 = FILL_AREA_STYLE('',(#2381));
#2381 = FILL_AREA_STYLE_COLOUR('',#2338);
#2382 = OVER_RIDING_STYLED_ITEM('overriding color',(#2383),#2306,#2320);
#2383 = PRESENTATION_STYLE_ASSIGNMENT((#2384));
#2384 = SURFACE_STYLE_USAGE(.BOTH.,#2385);
#2385 = SURFACE_SIDE_STYLE('',(#2386));
#2386 = SURFACE_STYLE_FILL_AREA(#2387);
#2387 = FILL_AREA_STYLE('',(#2388));
#2388 = FILL_AREA_STYLE_COLOUR('',#2360);
ENDSEC;
END-ISO-10303-21;
